hydro_year;omm_id;id;helio;hr;nub;prcp;pres_est;pres_nm;td;tmax;tmed;tmin;vmax_d;vmax_f;vmed;caudal;station_elev;n_station
1957;1;32458658;0.0;0.0;0.0;441.3;0.0;0.0;0.0;0.0;0.0;0.0;0.0;0.0;0.0;0.0;164590;La Florida
1958;1;78553840;0.0;0.0;0.0;632.1;0.0;0.0;0.0;0.0;0.0;0.0;0.0;0.0;0.0;0.0;397850;La Florida
1959;1;78902829;0.0;0.0;0.0;724.7;0.0;0.0;0.0;0.0;0.0;0.0;0.0;0.0;0.0;0.0;398940;La Florida
1960;1;78820655;0.0;0.0;0.0;1085.9;0.0;0.0;0.0;0.0;0.0;0.0;0.0;0.0;0.0;0.0;397850;La Florida
1960;87244;11476;0.0;9639.0;662.0;582.8;138199.7;0.0;2189.5;3979.0;3028.0;2094.7;0.0;0.0;248.2;0.0;51491;Villa Maria del Rio Seco
1960;87328;3266583;1118.9;0.0;0.0;381.9;0.0;0.0;0.0;4201.9;0.0;2169.9;2821.0;1027.3;0.0;0.0;85919;Villa Dolores Aero
1960;87344;6521690;1073.3;9522.0;542.0;618.8000000000001;116015.9;0.0;1703.1;0.0;2220.6;2060.7;2850.0;1486.6000000000001;286.5;0.0;71574;Cordoba Aero
1960;87345;9776797;983.5;10732.0;680.0;572.3;142544.4;0.0;2208.9;3997.2;3115.9;2109.8;2044.0;1221.1000000000001;153.9;0.0;64326;Cordoba Obs.
1960;87349;13031904;1039.4;11365.0;612.0;462.1;147045.7;0.0;2226.6;0.0;2984.2;2104.4;0.0;0.0;250.9;0.0;51038;Pilar Obs.
1960;87453;16287011;1136.3;10564.0;481.0;433.0;141717.7;0.0;1887.4;0.0;2753.8;0.0;0.0;0.0;549.4;0.0;63571;Rio Cuarto Aero
1960;87467;22387109;1130.9;8780.0;390.0;493.9;112929.6;0.0;1638.1;4026.1;2164.1;246.1;0.0;0.0;371.8;0.0;17214;Marcos Juarez Aero
1960;87534;25642216;1132.0;10987.0;562.0;471.8;150410.0;0.0;2010.4;4025.4;2887.4;1962.5;0.0;0.0;155.1;0.0;20687;Laboulaye Aero
1961;1;78953880;0.0;0.0;0.0;808.8;0.0;0.0;0.0;0.0;0.0;0.0;0.0;0.0;0.0;0.0;397850;La Florida
1961;87244;121910;0.0;22303.0;1415.0;742.1;348994.7;0.0;4058.7;9251.6;6837.5;3932.4;0.0;0.0;640.4;0.0;124465;Villa Maria del Rio Seco
1961;87328;7990215;2975.1;0.0;0.0;572.6;0.0;0.0;0.0;9370.3;0.0;4249.4;8471.0;3294.7000000000003;0.0;0.0;207685;Villa Dolores Aero
1961;87344;15858520;2797.4;21075.0;1246.0;731.5;301193.1;0.0;3088.2;8781.6;5296.6;4015.1;6284.0;3304.6;870.7;0.0;173010;Cordoba Aero
1961;87345;23726825;2563.4;22439.0;1583.0;786.2;351977.8;0.0;3769.2;9079.8;6828.2;4110.2;4822.0;2758.9;395.0;0.0;155490;Cordoba Obs.
1961;87349;31595130;2688.4;23274.0;1289.0;679.3;336379.9;0.0;3695.4;8195.4;6132.9;4043.8;0.0;0.0;680.4;0.0;123370;Pilar Obs.
1961;87453;39463435;2697.3;20593.0;1042.0;951.5;299396.3;0.0;2643.8;3009.1;4809.7;3563.0;0.0;0.0;1190.0;0.0;153665;Rio Cuarto Aero
1961;87467;54208705;2435.5;16158.0;793.0;961.6;214491.0;0.0;1924.9;8890.4;2999.8;3877.6;0.0;0.0;744.0;0.0;41610;Marcos Juarez Aero
1961;87534;62077010;2717.1;14844.0;838.0;721.5;137951.2;0.0;1797.7;8980.7;3145.7;3687.5;0.0;0.0;274.5;0.0;50005;Laboulaye Aero
1962;1;79087105;0.0;0.0;0.0;516.5;0.0;0.0;0.0;0.0;0.0;0.0;0.0;0.0;0.0;0.0;397850;La Florida
1962;87244;255135;0.0;21867.0;1344.0;787.9;352207.0;0.0;3854.6;9375.1;6760.1;3925.3;0.0;0.0;626.8;0.0;124465;Villa Maria del Rio Seco
1962;87328;8123440;3050.5;0.0;0.0;505.8;0.0;0.0;0.0;9449.8;0.0;4282.3;8131.0;2953.2000000000003;0.0;0.0;207685;Villa Dolores Aero
1962;87344;15991745;2799.1;23990.0;1383.0;811.9;348551.2;0.0;3553.7;8863.6;6255.4;3969.8;5584.0;2842.8;776.0;0.0;173010;Cordoba Aero
1962;87345;23860050;2671.4;20969.0;1563.0;723.5;352356.2;0.0;3306.5;9129.6;6921.5;4193.7;4732.0;3110.6;531.9;0.0;155490;Cordoba Obs.
1962;87349;31728355;2766.7;21091.0;1233.0;570.8;331875.1;0.0;3416.5;9119.6;6255.4;4027.1;20.0;195.0;636.1;0.0;123370;Pilar Obs.
1962;87453;39596660;2707.8;23647.0;1190.0;768.2;349935.2;0.0;3195.1;8326.0;5896.6;3855.5;0.0;0.0;1453.0;0.0;153665;Rio Cuarto Aero
1962;87467;54341930;2411.5;26267.0;1220.0;753.9;355694.9;0.0;4132.6;8898.9;6078.7;3805.8;0.0;0.0;1588.2;0.0;41610;Marcos Juarez Aero
1962;87534;62210235;2790.7;10829.0;525.0;760.6;150548.7;0.0;2019.8;9017.0;2945.2;3603.0;8751.0;3754.0;290.1;0.0;50005;Laboulaye Aero
1963;1;79437555;0.0;0.0;0.0;409.4;0.0;0.0;0.0;0.0;0.0;0.0;0.0;0.0;0.0;0.0;398940;La Florida
1963;87244;389607;0.0;23293.0;1781.0;835.8;356650.1;0.0;4502.7;9160.8;7084.4;4247.5;0.0;0.0;498.2;0.0;124806;Villa Maria del Rio Seco
1963;87328;8279469;2469.4;0.0;0.0;460.5;0.0;0.0;0.0;9333.4;0.0;4497.8;4064.0;1306.9;0.0;0.0;208254;Villa Dolores Aero
1963;87344;16169331;2147.7;26095.0;1718.0;764.8;351016.8;0.0;4056.1;8697.2;6280.1;4196.9;579.0;197.70000000000002;1189.1;0.0;173484;Cordoba Aero
1963;87345;24059193;2202.5;22638.0;1989.0;669.4;352901.3;0.0;3752.6;8872.3;6900.8;4473.4;5966.0;3161.8;561.7;0.0;155916;Cordoba Obs.
1963;87349;31949055;2333.3;24297.0;1667.0;643.0;353903.6;0.0;3935.7;8757.8;6551.8;4217.5;40.0;335.5;658.2;0.0;123708;Pilar Obs.
1963;87453;39838917;2180.9;12313.0;814.0;828.3;172940.6;0.0;1101.7;8037.9;2296.5;3980.3;0.0;0.0;742.2;0.0;154086;Rio Cuarto Aero
1963;87467;54624585;2001.5;28278.0;1440.0;753.5;366328.4;0.0;4408.5;8726.6;6167.7;4021.0;0.0;0.0;1874.3;0.0;41724;Marcos Juarez Aero
1963;87534;62514447;2277.2;24102.0;1410.0;797.6;337299.0;0.0;3381.9;8688.7;5484.5;3778.4;8955.0;3706.0;659.7;0.0;50142;Laboulaye Aero
1964;1;79353920;0.0;0.0;0.0;884.2;0.0;0.0;0.0;0.0;0.0;0.0;0.0;0.0;0.0;0.0;397850;La Florida
1964;87244;521950;0.0;15979.0;1283.0;506.7;353860.5;0.0;2887.8;9342.2;7063.1;3082.6;1080.0;127.3;479.7;0.0;124465;Villa Maria del Rio Seco
1964;87328;8390255;2782.0;0.0;0.0;675.7;0.0;0.0;0.0;9096.5;0.0;4065.1;8994.0;2870.2000000000003;0.0;0.0;207685;Villa Dolores Aero
1964;87344;16258560;2808.0;19735.0;1101.0;640.8;294463.6;0.0;2650.3;8829.8;5038.3;3654.3;2672.0;2156.1;835.6;0.0;173010;Cordoba Aero
1964;87345;24126865;2715.7;20256.0;1331.0;701.1;351016.7;0.0;3044.5;9084.2;6777.1;3918.3;5376.0;3231.9;506.59999999999997;0.0;155490;Cordoba Obs.
1964;87349;31995170;2839.0;22385.0;1256.0;801.2;355934.1;0.0;3296.0;8848.4;6435.0;3579.0;1295.0;184.2;629.7;0.0;123370;Pilar Obs.
1964;87453;39863475;2632.3;13325.0;632.0;824.2;200823.6;0.0;1661.0;8273.1;3264.4;3616.4;991.0;408.8;692.0;0.0;153665;Rio Cuarto Aero
1964;87467;54608745;2461.9;25078.0;1080.0;696.4;365401.8;0.0;3490.2;8918.2;5971.9;3366.7;1147.0;469.7;1725.0;0.0;41610;Marcos Juarez Aero
1964;87534;62477050;2711.6;24233.0;1175.0;666.1999999999999;364195.9;0.0;3052.4;8933.3;5746.0;3222.1;9113.0;3494.3;582.7;0.0;50005;Laboulaye Aero
1965;1;79487145;0.0;0.0;0.0;1081.9;0.0;0.0;0.0;0.0;0.0;0.0;0.0;0.0;0.0;0.0;397850;La Florida
1965;87244;655175;0.0;16012.0;1367.0;874.0;322488.7;0.0;3088.6;8290.5;6421.4;2936.3;5943.0;769.3;529.0;0.0;124465;Villa Maria del Rio Seco
1965;87328;8523480;2866.6;0.0;0.0;628.1;0.0;0.0;0.0;9485.1;0.0;4379.2;9293.0;3093.6;0.0;0.0;207685;Villa Dolores Aero
1965;87344;16391785;2683.1;21177.0;1230.0;773.4;300880.2;0.0;3575.4;8883.5;5816.3;4066.9;4910.0;2698.1;975.5;0.0;173010;Cordoba Aero
1965;87345;24260090;2597.2;21600.0;1538.0;800.4;344936.6;0.0;3654.5;8308.0;6911.1;4376.4;5331.0;3245.6;522.1;0.0;155490;Cordoba Obs.
1965;87349;32128395;2678.7;24419.0;1501.0;834.7;355662.5;0.0;4023.7;8824.7;6673.0;4146.1;6983.0;1221.9;718.5;0.0;123370;Pilar Obs.
1965;87453;39996700;2392.0;23773.0;1333.0;819.3;349260.6;0.0;3071.9;8392.1;5886.0;3922.0;5114.0;2505.1;1378.5;0.0;153665;Rio Cuarto Aero
1965;87467;54741970;2385.6;26224.0;1414.0;773.9;365090.4;0.0;4447.9;8814.3;6640.8;4041.8;6281.0;3158.6;1736.1;0.0;41610;Marcos Juarez Aero
1965;87534;62610275;2594.2;25093.0;1410.0;1130.5;363896.1;0.0;3514.5;8923.1;6041.3;3736.5;9544.0;3523.2000000000003;587.1;0.0;50005;Laboulaye Aero
1966;1;79620370;0.0;0.0;0.0;684.1;0.0;0.0;0.0;0.0;0.0;0.0;0.0;0.0;0.0;0.0;397850;La Florida
1966;87244;788400;0.0;14070.0;1056.0;387.9;292442.0;0.0;2672.6;7947.7;5972.8;3048.4;4849.0;759.6;498.8;0.0;124465;Villa Maria del Rio Seco
1966;87328;8656705;1583.2;0.0;0.0;203.3;0.0;0.0;0.0;5131.900000000001;0.0;2105.2;5513.0;2156.6;0.0;0.0;207685;Villa Dolores Aero
1966;87344;16525010;2764.8;21780.0;1304.0;712.3;323139.5;124467.1;3192.8;9144.6;5823.9;4101.0;5179.0;2916.8;1169.3;0.0;173010;Cordoba Aero
1966;87345;24393315;2542.6;20221.0;1453.0;691.9;346028.3;0.0;3360.2;9309.6;7026.5;4390.4;5416.0;3296.4;502.7;0.0;155490;Cordoba Obs.
1966;87349;32261620;2769.4;22351.0;1449.0;628.1;355802.8;0.0;3562.1;9044.4;6793.6;4024.3;6803.0;1302.8;769.7;0.0;123370;Pilar Obs.
1966;87453;40129925;2352.5;22801.0;1223.0;792.2;351304.8;152865.8;2939.5;8497.6;5983.8;3998.1;5033.0;3249.0;1406.0;0.0;153665;Rio Cuarto Aero
1966;87467;54875195;2618.5;23515.0;1186.0;694.0;365166.6;152894.0;3878.4;9148.9;6787.2;3933.9;5860.0;3724.6;2107.9;0.0;41610;Marcos Juarez Aero
1966;87534;62743500;2783.2;23865.0;1245.0;597.3;363994.3;152812.3;3289.3;9086.2;6111.4;3693.6;8061.0;3701.4;731.4;0.0;50005;Laboulaye Aero
1967;1;79972281;0.0;0.0;0.0;900.2;0.0;0.0;0.0;0.0;0.0;0.0;0.0;0.0;0.0;0.0;398940;La Florida
1967;87244;924333;0.0;20531.0;1232.0;822.7;327649.6;0.0;3692.9;9327.8;6425.4;3725.5;5303.0;867.7;519.7;0.0;124806;Villa Maria del Rio Seco
1967;87328;8814195;2410.5;13686.0;828.0;583.5;259344.2;0.0;2620.1;7612.2;5947.4;3735.6;6759.0;2362.7;737.3;0.0;208254;Villa Dolores Aero
1967;87344;16704057;2760.9;21696.0;1200.0;712.9;321441.1;339615.3;3288.9;8868.0;5872.9;3780.7;5475.0;2806.3;1114.4;0.0;173484;Cordoba Aero
1967;87345;24593919;2627.5;20212.0;1436.0;705.6;353093.9;0.0;3059.3;9159.4;6890.9;4035.4;5029.0;3349.7;568.4;0.0;155916;Cordoba Obs.
1967;87349;32483781;2784.2;21550.0;1444.0;616.3;357135.8;0.0;3057.0;8877.2;6562.4;3707.3;5636.0;1503.3;877.3;0.0;123708;Pilar Obs.
1967;87453;40373643;2784.9;21804.0;1098.0;894.7;334350.3;319911.1;2494.6;8399.3;5874.5;3723.0;6486.0;3873.9;1203.1;0.0;154086;Rio Cuarto Aero
1967;87466;31589338;1519.9;14073.0;0.0;775.2;0.0;0.0;2865.4;6564.0;0.0;2996.8;0.0;0.0;838.611111117;0.0;26840;Marcos Juarez INTA
1967;87467;55159311;2719.4;23823.0;1154.0;882.3000000000001;364479.6;369338.4;3553.5;8747.6;6381.6;3537.8;5544.0;3522.6;1932.7;0.0;41724;Marcos Juarez Aero
1967;87534;63049173;2904.2;21288.0;1082.0;667.0;335311.0;340772.9;2708.7;9008.0;5478.8;3311.3;6550.0;4202.5;752.9;0.0;50142;Laboulaye Aero
1968;1;79887185;0.0;0.0;0.0;319.3;0.0;0.0;0.0;0.0;0.0;0.0;0.0;0.0;0.0;0.0;397850;La Florida
1968;87244;1055215;0.0;24216.0;1471.0;755.0;355717.8;0.0;4743.3;1700.5;7494.3;4478.3;5573.0;836.5;545.3;0.0;124465;Villa Maria del Rio Seco
1968;87328;8923520;2951.8;19283.0;1228.0;510.9;345417.2;0.0;3412.1;9700.1;7512.5;4856.1;8836.0;3312.8;963.8;0.0;207685;Villa Dolores Aero
1968;87344;16791825;2643.6;25632.0;1522.0;818.3;350011.5;369771.8;4349.4;9148.1;6660.3;4476.5;4582.0;3150.6;1315.4;0.0;173010;Cordoba Aero
1968;87345;24660130;2524.2;21906.0;1534.0;733.0;351901.0;0.0;3923.7;9329.1;7283.5;4754.5;4660.0;3405.5;634.0;0.0;155490;Cordoba Obs.
1968;87349;32528435;2637.3;23856.0;1555.0;805.7;355923.7;0.0;4116.7;6311.4;6941.1;4493.6;5702.0;1575.3;921.3;0.0;123370;Pilar Obs.
1968;87453;40396740;2585.0;23876.0;1347.0;821.4;351342.9;364864.8;3731.5;8664.1;6555.2;4383.5;5495.0;5011.7;1330.5;0.0;153665;Rio Cuarto Aero
1968;87466;47365685;2573.8;25966.0;0.0;772.0;0.0;0.0;4842.0;8974.5;0.0;4289.2;0.0;0.0;1200.000000012;0.0;40150;Marcos Juarez INTA
1968;87467;55142010;2536.5;25828.0;1355.0;831.2;365235.4;370072.6;4586.8;9024.9;6907.0;4313.8;5346.0;3228.2000000000003;1977.2;0.0;41610;Marcos Juarez Aero
1968;87534;63010315;2672.5;25466.0;1438.0;986.8000000000001;364042.0;369943.4;3966.4;9093.7;6373.1;4180.1;5277.0;3803.1;752.6;0.0;50005;Laboulaye Aero
1969;1;80020410;0.0;0.0;0.0;970.6;0.0;0.0;0.0;0.0;0.0;0.0;0.0;0.0;0.0;0.0;397850;La Florida
1969;87244;1188440;0.0;23132.0;1419.0;909.6;353705.3;0.0;4322.9;0.0;7323.0;4118.9;5510.0;950.8;572.6;0.0;124465;Villa Maria del Rio Seco
1969;87328;9056745;2779.1;17924.0;1249.0;439.4;345409.1;0.0;2758.2;9659.5;7329.2;4646.5;9089.0;3723.3;1128.4;0.0;207685;Villa Dolores Aero
1969;87344;16925050;2677.9;23060.0;1486.0;653.6;349953.0;369719.0;3608.0;9246.7;6616.4;4263.8;6125.0;3736.6;1312.5;0.0;173010;Cordoba Aero
1969;87345;24793355;2706.4;19514.0;1600.0;547.0;351853.9;0.0;3243.6;9566.9;7309.0;4573.9;5117.0;3717.9;734.7;0.0;155490;Cordoba Obs.
1969;87349;32661660;2532.3;21233.0;1531.0;639.0;355881.0;0.0;3358.9;9205.6;6920.4;4265.9;6538.0;1510.6;886.8;0.0;123370;Pilar Obs.
1969;87453;40529965;2440.2;23033.0;1277.0;786.2;352280.7;370001.0;3124.2;7913.2;6144.8;4089.9;5908.0;3725.3;1267.2;0.0;153665;Rio Cuarto Aero
1969;87466;47498910;2694.7;23070.0;0.0;708.6;0.0;0.0;4035.7;9203.2;0.0;4101.6;0.0;0.0;1185.277777788;0.0;40150;Marcos Juarez INTA
1969;87467;55275235;2648.4;24766.0;1165.0;755.1;365151.8;368992.4;3878.1;9199.1;6514.1;4013.4;5923.0;3902.5;2098.6;0.0;41610;Marcos Juarez Aero
1969;87534;63143540;2800.8;24217.0;1293.0;817.9;363926.8;369840.8;3497.7;9135.7;6179.4;3937.4;6171.0;3546.6;637.7;0.0;50005;Laboulaye Aero
1969;9987009;52261482;2044.5;16362.0;0.0;494.6;0.0;0.0;3243.8;7278.3;0.0;3453.5;0.0;0.0;855.000000015;0.0;79716;Manfredi INTA
1970;1;80153635;0.0;0.0;0.0;739.8;0.0;0.0;0.0;0.0;0.0;0.0;0.0;0.0;0.0;0.0;397850;La Florida
1970;87244;1321665;0.0;23783.0;1335.0;918.4;355735.4;0.0;4087.3;9212.8;6833.3;3612.7;5367.0;981.1;600.6;0.0;124465;Villa Maria del Rio Seco
1970;87328;9189970;2970.8;16814.0;1067.0;488.4;345423.9;118243.4;2071.0;9405.9;6972.8;4124.7;8378.0;3257.0;948.1;0.0;207685;Villa Dolores Aero
1970;87344;17058275;2763.3;23104.0;1360.0;697.8;350043.9;369907.4;3163.2;8782.9;6144.9;3780.1;4577.0;3096.3;1311.0;0.0;173010;Cordoba Aero
1970;87345;24926580;2654.4;19353.0;1391.0;724.3000000000001;351920.0;0.0;2755.1;9076.5;6856.5;4068.9;4873.0;3661.5;722.9;0.0;155490;Cordoba Obs.
1970;87349;32794885;2392.9;20662.0;1437.0;622.0;355859.0;0.0;2812.9;8763.4;6551.9;3794.5;7504.0;1543.7;833.9;0.0;123370;Pilar Obs.
1970;87453;40663190;2698.8;19613.0;1087.0;564.3;352320.6;370053.2;1948.7;8520.2;5979.4;3624.4;7299.0;3323.6000000000004;1590.3;0.0;153665;Rio Cuarto Aero
1970;87466;47632135;2753.8;22803.0;0.0;963.9;0.0;0.0;3461.9;8559.1;0.0;3535.9;0.0;0.0;1101.388888908;0.0;40150;Marcos Juarez INTA
1970;87467;55408460;2641.4;25658.0;1071.0;889.5;365265.2;370162.7;3480.8;8683.2;5860.4;3566.3;5707.0;3802.3;2051.3;0.0;41610;Marcos Juarez Aero
1970;87534;63276765;2924.2;21154.0;1174.0;762.8;364005.7;368910.3;2692.3;8961.3;6238.8;3443.8;7626.0;3986.3;794.6;0.0;50005;Laboulaye Aero
1970;9987009;69989845;2734.4;20187.0;0.0;595.9;0.0;0.0;2472.1;8293.1;0.0;2990.9;0.0;0.0;1094.166666673;0.0;106580;Manfredi INTA
1971;1;80507007;0.0;0.0;0.0;611.9;0.0;0.0;0.0;0.0;0.0;0.0;0.0;0.0;0.0;0.0;398940;La Florida
1971;87244;1459059;0.0;23102.0;1341.0;837.2;356439.2;0.0;4263.3;9981.0;7421.5;4014.9;5263.0;1233.8999999999999;685.9;0.0;124806;Villa Maria del Rio Seco
1971;87328;9348921;3025.5;17531.0;1041.0;376.7;346223.6;369729.5;2743.4;9675.9;7493.2;4600.4;8884.0;3782.8;860.5;0.0;208254;Villa Dolores Aero
1971;87344;17238783;2785.4;23086.0;1305.0;649.2;350771.9;370581.9;3602.5;9331.5;6650.3;4192.2;5059.0;2943.3;1254.3;0.0;173484;Cordoba Aero
1971;87345;25128645;2754.3;19160.0;1349.0;569.2;352658.6;0.0;3150.7;9718.1;7418.2;4524.2;4797.0;3934.5;791.5;0.0;155916;Cordoba Obs.
1971;87349;33018507;2814.5;20459.0;1446.0;445.5;356578.0;0.0;3194.9;9408.7;7112.3;4200.1;6979.0;1402.8;787.5;0.0;123708;Pilar Obs.
1971;87453;40908369;2720.7;20727.0;1122.0;634.7;352851.6;370571.2;2495.7;8953.4;6322.3;4181.8;6696.0;3817.9;1710.3;0.0;154086;Rio Cuarto Aero
1971;87466;47896407;2532.4;23740.0;0.0;646.0;0.0;0.0;4153.7;9143.4;0.0;4037.8;0.0;0.0;1035.000000009;0.0;40260;Marcos Juarez INTA
1971;87467;55694037;2534.9;25260.0;1061.0;655.6;365997.7;370876.0;3855.4;9267.9;6388.2;3983.0;6162.0;3951.0;2079.1;0.0;41724;Marcos Juarez Aero
1971;87534;63583899;2840.6;19345.0;1224.0;589.9;364789.9;370703.5;2498.4;9444.3;6390.3;3833.1;6601.0;3515.3;1058.0;0.0;50142;Laboulaye Aero
1971;9987009;70315371;2683.1;20698.0;0.0;509.5;0.0;0.0;2881.1;8835.8;0.0;3332.6;0.0;0.0;1067.777777789;0.0;106872;Manfredi INTA
1972;1;80420450;0.0;0.0;0.0;1135.4;0.0;0.0;0.0;0.0;0.0;0.0;0.0;0.0;0.0;0.0;397850;La Florida
1972;87244;1588480;0.0;26017.0;1617.0;1138.4;355483.1;0.0;4676.3;9127.0;6952.5;4190.7;5560.0;1191.5;618.3;0.0;124465;Villa Maria del Rio Seco
1972;87328;9456785;2865.6;20478.0;1388.0;844.0;345293.2;368820.7;3205.4;3061.8;6863.3;4294.8;8529.0;3171.8;734.2;0.0;207685;Villa Dolores Aero
1972;87344;17325090;2495.1;26464.0;1652.0;1093.6;349839.6;369682.8;4074.9;8509.3;6178.3;4161.5;5990.0;3853.3;1215.9;0.0;173010;Cordoba Aero
1972;87345;25193395;2538.5;23016.0;1692.0;1032.8;351787.7;0.0;3894.1;8836.1;6852.9;4474.8;5270.0;3680.0;734.8;0.0;155490;Cordoba Obs.
1972;87349;33061700;2586.8;24460.0;1709.0;1113.1;355675.3;0.0;3911.4;8474.0;6523.3;4059.8;6371.0;1399.7;785.9;0.0;123370;Pilar Obs.
1972;87453;40930005;2166.0;24717.0;1474.0;1147.8;351766.5;369498.3;3351.0;8092.8;5869.4;4061.5;5722.0;3795.6000000000004;1891.2;0.0;153665;Rio Cuarto Aero
1972;87466;47898950;2489.7;26993.0;0.0;1227.0;0.0;0.0;4568.3;8268.0;0.0;4122.0;0.0;0.0;891.666666673;0.0;40150;Marcos Juarez INTA
1972;87467;55675275;2249.5;28363.0;1410.0;1250.9;365036.7;369920.7;4363.6;8427.2;6035.3;4113.4;5889.0;3704.7;1958.7;0.0;41610;Marcos Juarez Aero
1972;87534;63543580;2585.6;26466.0;1558.0;991.4;363994.8;369929.4;3589.8;8352.9;5725.2;3571.3;5575.0;4110.5;1913.9;0.0;50005;Laboulaye Aero
1972;9987009;70256660;2319.3;25399.0;0.0;960.8;0.0;0.0;3849.4;8298.8;0.0;3867.5;0.0;0.0;964.722222227;0.0;106580;Manfredi INTA
1973;1;80553675;0.0;0.0;0.0;680.9;0.0;0.0;0.0;0.0;0.0;0.0;0.0;0.0;0.0;0.0;397850;La Florida
1973;87244;1721705;0.0;25371.0;1462.0;918.8;355896.9;0.0;4399.4;9069.0;6874.8;3855.3;5517.0;1260.5;632.8;0.0;124465;Villa Maria del Rio Seco
1973;87328;9590010;2938.4;20960.0;1170.0;499.8;345794.4;369349.3;2943.4;9260.6;6482.3;4134.0;8331.0;2850.0;655.3;0.0;207685;Villa Dolores Aero
1973;87344;17458315;2679.2;26643.0;1418.0;672.3;350215.8;370076.7;4138.3;8641.7;6160.5;3957.7;6888.0;4028.1;1110.4;0.0;173010;Cordoba Aero
1973;87345;25326620;2674.6;21895.0;1364.0;643.1;352161.9;0.0;3591.9;9004.6;6899.2;4259.4;5562.0;3379.3;631.5;0.0;155490;Cordoba Obs.
1973;87349;33194925;2869.2;23412.0;1443.0;590.6;356056.0;0.0;3646.3;8601.1;6535.5;3949.4;6751.0;1646.8;947.0;0.0;123370;Pilar Obs.
1973;87453;41063230;2745.2;24270.0;1284.0;798.6;352156.9;369908.7;3269.4;8280.0;5890.3;3870.8;5876.0;3777.3;1792.9;0.0;153665;Rio Cuarto Aero
1973;87466;48032175;2709.6;25289.0;0.0;731.8;0.0;0.0;4293.5;8591.9;0.0;3907.7;0.0;0.0;1112.777777779;0.0;40150;Marcos Juarez INTA
1973;87467;55808500;2549.3;26724.0;1178.0;772.5;365494.9;370389.3;3998.5;8682.7;6074.5;3849.9;5885.0;3583.9;1908.4;0.0;41610;Marcos Juarez Aero
1973;87534;63676805;2842.0;25568.0;1331.0;757.1;364388.7;370334.5;3425.6;8576.0;5804.1;3350.1;5337.0;4381.3;1908.0;0.0;50005;Laboulaye Aero
1973;9987009;70389885;2688.1;16030.0;0.0;643.3;0.0;0.0;2816.2;8424.1;0.0;3483.9;0.0;0.0;549.722222234;0.0;106580;Manfredi INTA
1974;1;80686900;0.0;0.0;0.0;1020.6;0.0;0.0;0.0;0.0;0.0;0.0;0.0;0.0;0.0;0.0;397850;La Florida
1974;87244;1854930;0.0;24858.0;1426.0;912.1;355752.9;0.0;4418.7;9321.6;6985.5;3824.5;5222.0;1299.8;676.3;0.0;124465;Villa Maria del Rio Seco
1974;87328;9723235;2803.7;20007.0;1176.0;517.9;345557.9;369084.9;2990.1;9328.2;6785.1;4260.1;8719.0;2658.4;805.3;0.0;207685;Villa Dolores Aero
1974;87344;17591540;2568.1;24453.0;1447.0;908.7;350050.5;369899.4;3533.2;7834.9;6196.9;4027.0;6238.0;3767.9;1146.8;0.0;173010;Cordoba Aero
1974;87345;25459845;2585.4;21591.0;1380.0;946.5;352009.5;0.0;3471.0;9081.3;6910.1;4250.2;5096.0;3305.3;542.7;0.0;155490;Cordoba Obs.
1974;87349;33328150;2770.6;23102.0;1417.0;789.5;355884.6;0.0;3508.6;8635.7;6554.3;3972.8;7510.0;1649.7;971.0;0.0;123370;Pilar Obs.
1974;87453;41196455;2680.5;24008.0;1283.0;808.0;352014.5;369750.8;3133.7;8216.7;5885.2;3936.4;6397.0;4657.8;2089.4;0.0;153665;Rio Cuarto Aero
1974;87466;48165400;2728.5;25257.0;0.0;897.6;0.0;0.0;4213.0;8654.5;0.0;3876.4;0.0;0.0;1208.055555578;0.0;40150;Marcos Juarez INTA
1974;87467;55941725;2451.1;26624.0;1153.0;915.9;365355.5;370247.8;3864.5;8643.3;6010.6;3799.9;5946.0;3604.2000000000003;1638.5;0.0;41610;Marcos Juarez Aero
1974;87534;63810030;2794.5;25934.0;1274.0;973.2;364245.1;370183.6;3467.6;8486.4;5759.2;3442.8;5869.0;4292.7;1890.4;0.0;50005;Laboulaye Aero
1974;9987009;70523110;2044.5;22228.0;0.0;871.1;0.0;0.0;2857.8;8288.0;0.0;3450.7;0.0;0.0;870.833333334;0.0;106580;Manfredi INTA
1975;1;81041733;0.0;0.0;0.0;745.3;0.0;0.0;0.0;0.0;0.0;0.0;0.0;0.0;0.0;0.0;398940;La Florida
1975;87244;1993785;0.0;24610.0;1285.0;888.0;356811.2;0.0;4247.5;9292.6;6923.5;3554.8;5815.0;1089.2;585.8;0.0;124806;Villa Maria del Rio Seco
1975;87328;9883647;2958.4;18877.0;978.0;457.4;346555.5;370190.7;2720.6;9364.5;6970.4;4086.9;8487.0;3276.6;843.0;0.0;208254;Villa Dolores Aero
1975;87344;17773509;2728.6;23716.0;1273.0;566.2;351065.1;370984.1;3310.7;8825.0;6201.8;3807.3;5457.0;3579.7000000000003;1278.7;0.0;173484;Cordoba Aero
1975;87345;25663371;2694.2;20935.0;1237.0;513.9;353036.0;0.0;3314.7;9245.8;6958.0;4134.4;4831.0;3237.3;561.8;0.0;155916;Cordoba Obs.
1975;87349;33553233;2369.9;22695.0;1326.0;620.1;356926.7;154039.1;3427.0;8705.1;6574.6;3802.2;7205.0;1489.2;854.8;0.0;123708;Pilar Obs.
1975;87453;41443095;2634.1;23449.0;1140.0;563.6;352876.6;370669.6;2993.1;8403.4;5921.6;3856.2;5712.0;4511.5;1977.9;0.0;154086;Rio Cuarto Aero
1975;87466;48431133;2812.6;26350.0;0.0;1036.3;0.0;0.0;4403.4;8548.4;0.0;3835.5;0.0;0.0;1170.000000004;0.0;40260;Marcos Juarez INTA
1975;87467;56228763;2538.6;27756.0;1090.0;1037.4;366401.9;371314.1;4094.6;8589.0;5995.5;3777.3;6162.0;3368.1;1508.3;0.0;41724;Marcos Juarez Aero
1975;87534;64118625;2913.9;25699.0;1112.0;920.8;365282.9;371246.4;3271.7;8516.1;5700.1;3317.6;4926.0;5213.0;2053.0;0.0;50142;Laboulaye Aero
1975;9987009;70850097;2644.1;21428.0;0.0;606.4;0.0;0.0;3113.7;8661.7;0.0;3572.6;0.0;0.0;1053.055555565;0.0;106872;Manfredi INTA
1976;1;80953715;0.0;0.0;0.0;1001.9;0.0;0.0;0.0;0.0;0.0;0.0;0.0;0.0;0.0;0.0;397850;La Florida
1976;87244;2121745;0.0;24446.0;1417.0;877.1;355658.0;0.0;4334.2;9282.4;6997.9;3864.0;5715.0;1096.2;580.1;0.0;124465;Villa Maria del Rio Seco
1976;87328;9990050;2844.1;20319.0;1331.0;749.1;345513.3;369076.7;3175.0;9247.1;6865.7;4207.0;8764.0;3433.2000000000003;841.0;0.0;207685;Villa Dolores Aero
1976;87344;17858355;2555.2;25002.0;1502.0;1042.5;350014.4;369859.0;3716.1;8696.0;6199.5;3936.2;5248.0;4739.2;1350.2;0.0;173010;Cordoba Aero
1976;87345;25726660;2493.2;22489.0;1467.0;954.6999999999999;351937.0;0.0;3781.4;9069.0;6870.3;4283.5;5083.0;3277.5;540.2;0.0;155490;Cordoba Obs.
1976;87349;33594965;2425.1;23411.0;1511.0;1038.9;355855.9;370107.5;3655.3;8606.9;6531.6;3988.4;7728.0;1572.2;819.4;0.0;123370;Pilar Obs.
1976;87453;41463270;2543.2;24643.0;1388.0;853.3;351776.8;369528.3;3288.4;8249.2;5820.6;3852.8;5854.0;4608.8;1669.6;0.0;153665;Rio Cuarto Aero
1976;87466;48432215;2714.0;26108.0;0.0;1308.2;0.0;0.0;4377.1;8486.6;0.0;3916.8;0.0;0.0;1155.277777785;0.0;40150;Marcos Juarez INTA
1976;87467;56208540;2408.1;27818.0;1220.0;1340.4;365285.7;370182.8;4170.8;8587.2;5961.8;3796.0;6004.0;3567.4;1399.7;0.0;41610;Marcos Juarez Aero
1976;87534;64076845;2622.4;26650.0;1414.0;946.9;364145.2;370088.0;3606.3;8431.7;5657.8;3409.0;5527.0;4861.3;1792.8;0.0;50005;Laboulaye Aero
1976;9987009;70789925;2523.3;23592.0;0.0;858.9;0.0;0.0;3792.6;8689.5;0.0;3646.0;0.0;0.0;975.000000013;0.0;106580;Manfredi INTA
1977;1;81086940;0.0;0.0;0.0;1191.5;0.0;0.0;0.0;0.0;0.0;0.0;0.0;0.0;0.0;0.0;397850;La Florida
1977;87244;2254970;0.0;25276.0;1335.0;1042.4;355702.8;0.0;4732.3;9518.8;7221.1;4070.8;5215.0;983.1;514.7;0.0;124465;Villa Maria del Rio Seco
1977;87328;10123275;2464.5;20482.0;1263.0;749.0;345540.5;369036.1;3576.1;9597.5;7257.6;4592.9;8845.0;3245.0;780.5;0.0;207685;Villa Dolores Aero
1977;87344;17991580;2465.9;26129.0;1456.0;1095.6;348010.6;367713.2;4155.0;8892.1;6387.0;4130.0;5220.0;4512.0;1313.6;0.0;173010;Cordoba Aero
1977;87345;25859885;2575.8;22989.0;1433.0;954.4;291186.8;0.0;4126.1;9298.0;7139.5;4586.0;5322.0;3161.1;504.1;0.0;155490;Cordoba Obs.
1977;87349;33728190;2438.4;24342.0;1476.0;1263.7;355891.3;370107.4;4136.7;8815.4;6793.3;4279.3;7795.0;1662.5;829.2;0.0;123370;Pilar Obs.
1977;87453;41596495;1871.9;24599.0;1328.0;850.4;351813.3;369508.8;3555.3;8566.2;6142.3;4153.6;5328.0;5015.5;1511.5;0.0;153665;Rio Cuarto Aero
1977;87466;48565440;2597.8;25717.0;0.0;1167.8;0.0;0.0;4551.9;8691.2;0.0;4204.7;0.0;0.0;972.222222237;0.0;40150;Marcos Juarez INTA
1977;87467;56341765;882.4;27458.0;1203.0;1186.3;304137.0;308190.8;4423.4;8872.9;6303.5;4172.8;5854.0;3357.1;1291.1;0.0;41610;Marcos Juarez Aero
1977;87534;64210070;2709.9;26043.0;1451.0;928.0;364158.9;370082.3;3765.0;8829.7;6035.6;3744.2000000000003;5496.0;4944.6;1987.0;0.0;50005;Laboulaye Aero
1977;9987009;70923150;2620.9;22106.0;0.0;1171.5;0.0;0.0;3181.4;8143.6;0.0;3537.9;0.0;0.0;881.111111134;0.0;106580;Manfredi INTA
1978;1;81220165;0.0;0.0;0.0;1472.8;0.0;0.0;0.0;0.0;0.0;0.0;0.0;0.0;0.0;0.0;397850;La Florida
1978;87244;2388195;0.0;25090.0;1422.0;789.0;355851.9;0.0;4543.5;9313.4;7006.7;3847.5;5143.0;1052.5;535.0;0.0;124465;Villa Maria del Rio Seco
1978;87328;10256500;2450.3;21201.0;1438.0;722.4;345651.9;369217.9;3610.2;9364.0;7049.1;4299.0;8605.0;2933.7;820.4;0.0;207685;Villa Dolores Aero
1978;87344;18124805;2422.1;26111.0;1537.0;1027.8;350031.8;369881.6;3972.6;8631.8;6127.2;3783.8;6338.0;4519.2;1238.3;0.0;173010;Cordoba Aero
1978;87345;25993110;2507.1;21262.0;1519.0;1030.6;325190.1;0.0;3481.3;9049.0;6190.8;4326.9;5919.0;3282.1;496.9;0.0;155490;Cordoba Obs.
1978;87349;33861415;2775.8;24630.0;1598.0;1067.1;356097.3;370351.6;3978.4;8563.9;6533.6;4050.9;7427.0;1720.6000000000001;828.8;0.0;123370;Pilar Obs.
1978;87453;41729720;1904.4;24579.0;1385.0;1100.8;352002.3;369731.3;3464.0;8217.1;5998.8;3999.5;6173.0;4312.400000000001;1623.0;0.0;153665;Rio Cuarto Aero
1978;87466;48698665;2665.3;26843.0;0.0;1108.3;0.0;0.0;4681.7;8620.5;0.0;3963.7;0.0;0.0;901.944444463;0.0;40150;Marcos Juarez INTA
1978;87467;56474990;0.0;28067.0;1264.0;1076.0;333766.2;338210.9;4543.3;8785.8;6241.5;4054.7;5489.0;3303.2;1202.6;0.0;41610;Marcos Juarez Aero
1978;87534;64343295;2658.2;26436.0;1526.0;921.6;364358.5;370289.0;3801.3;8525.2;5919.1;3494.0;4940.0;4768.8;1831.2;0.0;50005;Laboulaye Aero
1978;9987009;71056375;2534.0;21987.0;0.0;905.9;0.0;0.0;3119.2;8160.0;0.0;3483.9;0.0;0.0;754.16666669;0.0;106580;Manfredi INTA
1979;1;81576459;0.0;0.0;0.0;1258.3;0.0;0.0;0.0;0.0;0.0;0.0;0.0;0.0;0.0;0.0;398940;La Florida
1979;2;11146238;0.0;0.0;0.0;0.0;0.0;0.0;0.0;0.0;0.0;0.0;0.0;0.0;0.0;4776.92;423;Pueblo Andino
1979;87244;2528511;0.0;25152.0;1452.0;887.9;356574.0;0.0;4802.6;9535.8;7286.5;4308.8;5673.0;1070.9;550.0;0.0;124806;Villa Maria del Rio Seco
1979;87328;10418373;1968.8;22680.0;1483.0;802.5;346400.4;370002.9;3817.8;9370.4;6920.8;4554.9;8314.0;2831.9;773.9;0.0;208254;Villa Dolores Aero
1979;87344;18308235;1698.8;26244.0;1547.0;1007.6;350637.9;370482.3;4292.3;8939.8;6438.6;3941.6;5656.0;4068.0;1183.0;0.0;173484;Cordoba Aero
1979;87345;26198097;2365.2;23143.0;1638.0;823.1;352800.3;0.0;4235.1;9442.0;7204.4;4670.2;5228.0;3411.4;632.3;0.0;155916;Cordoba Obs.
1979;87349;34087959;2255.1;24585.0;1643.0;972.4;356779.2;371024.0;4218.3;8842.6;6836.5;4392.3;7838.0;1735.6000000000001;884.4;0.0;123708;Pilar Obs.
1979;87453;41977821;1961.3;25482.0;1486.0;977.5;352672.7;370423.5;3745.0;8364.2;6092.4;4243.3;5268.0;3273.5;1405.0;0.0;154086;Rio Cuarto Aero
1979;87466;48965859;2332.2;26890.0;0.0;860.9;0.0;0.0;4918.5;8934.9;0.0;4433.9;0.0;0.0;1039.722222228;0.0;40260;Marcos Juarez INTA
1979;87467;56763489;984.6;27925.0;1340.0;916.4;365514.7;370385.5;4800.4;9106.3;6595.9;4448.0;6306.0;3397.7000000000003;1255.9;0.0;41724;Marcos Juarez Aero
1979;87534;64653351;2532.7;25411.0;1611.0;1092.6;365004.5;370917.4;4070.8;8691.3;6463.0;3806.6;4798.0;4311.400000000001;1914.2;0.0;50142;Laboulaye Aero
1979;9987009;71384823;2348.3;23040.0;0.0;875.7;0.0;0.0;3566.1;8435.6;0.0;3865.6;0.0;0.0;805.555555576;0.0;106872;Manfredi INTA
1980;1;81486980;0.0;0.0;0.0;1146.1;0.0;0.0;0.0;0.0;0.0;0.0;0.0;0.0;0.0;0.0;397850;La Florida
1980;2;66923817;0.0;0.0;0.0;0.0;0.0;0.0;0.0;0.0;0.0;0.0;0.0;0.0;0.0;26842.196;2538;Pueblo Andino
1980;87244;2655010;0.0;24921.0;1520.0;966.5;355846.8;0.0;4577.0;9305.9;7107.5;4086.2;5489.0;1098.4;540.0;0.0;124465;Villa Maria del Rio Seco
1980;87328;10523315;2507.6;22117.0;1357.0;925.1;345604.9;369129.2;3564.9;9288.6;6779.1;4166.0;8698.0;2964.4;820.3;0.0;207685;Villa Dolores Aero
1980;87344;18391620;1655.4;25142.0;1493.0;1174.7;349847.6;369688.0;3796.7;8578.5;6236.7;3749.3;4747.0;4317.2;1181.3;0.0;173010;Cordoba Aero
1980;87345;26259925;2339.2;23345.0;1561.0;1034.0;351969.8;0.0;4101.2;9240.0;7004.2;4417.6;5381.0;3661.7000000000003;694.3;0.0;155490;Cordoba Obs.
1980;87349;34128230;2644.7;23878.0;1517.0;1160.9;355996.4;370241.3;3855.0;8670.1;6649.0;4144.7;8199.0;1824.2;926.8;0.0;123370;Pilar Obs.
1980;87453;41996535;1489.7;23979.0;1352.0;992.6;352311.0;370064.1;3227.9;8256.3;5991.0;3979.5;4564.0;3619.6000000000004;1591.9;0.0;153665;Rio Cuarto Aero
1980;87466;48965480;1987.2;26190.0;0.0;1178.5;0.0;0.0;4642.8;8664.1;0.0;4177.9;0.0;0.0;1213.055555558;0.0;40150;Marcos Juarez INTA
1980;87467;56741805;1771.2;27621.0;1293.0;1170.3;364714.8;369587.7;4535.5;8844.8;6335.5;4144.9;6278.0;3414.7000000000003;1385.2;0.0;41610;Marcos Juarez Aero
1980;87534;64610110;2581.5;24421.0;1420.0;792.3;364196.7;370107.7;3698.4;8083.4;6328.2;3491.1;4788.0;4897.400000000001;2103.5;0.0;50005;Laboulaye Aero
1980;9987009;71323190;2522.2;24412.0;0.0;1091.6;0.0;0.0;3850.4;8478.8;0.0;3846.7;0.0;0.0;830.555555579;0.0;106580;Manfredi INTA
1981;1;81620205;0.0;0.0;0.0;832.4;0.0;0.0;0.0;0.0;0.0;0.0;0.0;0.0;0.0;0.0;397850;La Florida
1981;2;78416085;0.0;0.0;0.0;0.0;0.0;0.0;0.0;0.0;0.0;0.0;0.0;0.0;0.0;22752.626;2970;Pueblo Andino
1981;87244;2788235;0.0;24828.0;1347.0;719.5;356042.1;0.0;4560.5;9367.2;7071.1;3858.3;5574.0;1149.2;505.8;0.0;124465;Villa Maria del Rio Seco
1981;87328;10656540;1715.3;20881.0;1290.0;571.4;345758.5;303513.8;3476.3;9414.6;7018.5;4137.2;8689.0;2642.1;855.4;0.0;207685;Villa Dolores Aero
1981;87344;18524845;2124.9;25074.0;1356.0;752.9;350031.1;369880.9;3752.6;8749.0;6154.5;3732.0;4849.0;3963.4;1097.5;0.0;173010;Cordoba Aero
1981;87345;26393150;2505.1;22725.0;1495.0;670.3;352190.4;0.0;3958.9;9275.5;6975.3;4311.2;5344.0;3446.3;577.8;0.0;155490;Cordoba Obs.
1981;87349;34261455;2869.1;23886.0;1442.0;686.2;355216.1;369431.6;3877.6;8725.3;6570.4;3973.7;8522.0;1700.5;812.7;0.0;123370;Pilar Obs.
1981;87453;42129760;1826.0;24913.0;1219.0;722.0;352557.4;370318.5;3527.6;8344.7;5967.2;4023.2;4202.0;3385.5;1471.3;0.0;153665;Rio Cuarto Aero
1981;87466;49098705;2247.7;24878.0;0.0;768.6;0.0;0.0;4331.9;8745.1;0.0;4085.4;0.0;0.0;1069.722222227;0.0;40150;Marcos Juarez INTA
1981;87467;56875030;1772.2;27289.0;1120.0;814.2;364898.0;369773.0;4450.6;8909.2;6324.1;4115.2;6025.0;3176.3;1306.0;0.0;41610;Marcos Juarez Aero
1981;87534;64743335;2768.5;24470.0;1379.0;779.0;364461.7;370375.3;3742.1;8577.7;6329.2;3374.5;5489.0;3941.8;1924.5;0.0;50005;Laboulaye Aero
1981;9987009;71456415;2535.0;25966.0;0.0;658.2;0.0;0.0;4345.4;8622.1;0.0;3582.6;0.0;0.0;793.333333356;0.0;106580;Manfredi INTA
1982;1;81753430;0.0;0.0;0.0;799.2;0.0;0.0;0.0;0.0;0.0;0.0;0.0;0.0;0.0;0.0;397850;La Florida
1982;2;77572515;0.0;0.0;0.0;0.0;0.0;0.0;0.0;0.0;0.0;0.0;0.0;0.0;0.0;18063.433;2934;Pueblo Andino
1982;87244;2921460;0.0;25564.0;1768.0;994.8;355431.1;0.0;4800.6;9134.8;7145.7;4441.5;5386.0;1061.0;531.5;0.0;124465;Villa Maria del Rio Seco
1982;87328;10789765;2142.6;21401.0;1621.0;575.4;345094.7;313229.3;3591.7;9356.8;7054.0;4436.1;9032.0;2635.9;937.9;0.0;207685;Villa Dolores Aero
1982;87344;18658070;1901.2;25197.0;1759.0;778.7;349427.4;369220.3;3871.6;8625.5;6277.2;4194.3;5671.0;3506.6;1246.6;0.0;173010;Cordoba Aero
1982;87345;26526375;1648.6;23121.0;1874.0;567.1;351593.5;0.0;4108.7;9206.3;7055.6;4696.9;5046.0;3417.7000000000003;621.7;0.0;155490;Cordoba Obs.
1982;87349;34394680;2393.6;24113.0;1767.0;901.5;355592.6;369815.5;3961.0;8665.6;6687.2;4348.5;8960.0;1871.3;895.0;0.0;123370;Pilar Obs.
1982;87453;42262985;1502.7;25172.0;1541.0;856.8;351872.2;369600.6;3535.7;8167.5;5977.5;4162.2;4188.0;3784.8;1708.5;0.0;153665;Rio Cuarto Aero
1982;87466;49231930;1719.7;24562.0;0.0;763.9;0.0;0.0;4307.5;8710.7;0.0;4313.3;0.0;0.0;1090.000000011;0.0;40150;Marcos Juarez INTA
1982;87467;57008255;2008.0;27364.0;1451.0;834.1;364352.4;369220.1;4556.5;8855.5;6456.3;4311.3;6202.0;3260.7000000000003;1389.1;0.0;41610;Marcos Juarez Aero
1982;87534;64876560;2397.6;26985.0;1648.0;832.4;363913.7;369845.3;3984.7;8383.7;5932.4;3661.1;5416.0;4471.7;1896.5;0.0;50005;Laboulaye Aero
1982;9987009;71589640;2164.4;24724.0;0.0;737.4;0.0;0.0;4210.6;8541.6;0.0;4220.4;0.0;0.0;926.666666683;0.0;106580;Manfredi INTA
1983;1;82111185;0.0;0.0;0.0;1234.8;0.0;0.0;0.0;0.0;0.0;0.0;0.0;0.0;0.0;0.0;398940;La Florida
1983;2;73625430;0.0;0.0;0.0;0.0;0.0;0.0;0.0;0.0;0.0;0.0;0.0;0.0;0.0;30056.648;2781;Pueblo Andino
1983;87244;3063237;0.0;24911.0;1386.0;850.3;356831.9;0.0;4424.5;9213.1;6936.0;4044.8;5967.0;1120.1;540.4;0.0;124806;Villa Maria del Rio Seco
1983;87328;10953099;1617.4;21624.0;1357.0;743.9;346465.2;369089.7;3529.2;9283.7;6930.9;4137.9;8969.0;2195.2;866.0;0.0;208254;Villa Dolores Aero
1983;87344;18842961;1572.9;24507.0;1461.0;933.3;350686.6;370574.4;3586.3;8679.3;6186.8;3965.9;4786.0;2969.6;1151.9;0.0;173484;Cordoba Aero
1983;87345;26732823;1245.8;22562.0;1489.0;762.3;352861.0;0.0;3894.8;9263.1;6998.1;4372.4;4801.0;2849.5;541.6;0.0;155916;Cordoba Obs.
1983;87349;34622685;1316.1;23690.0;1433.0;826.6;356878.1;371232.2;3784.5;8795.6;6611.4;4059.5;9007.0;1629.3;813.4;0.0;123708;Pilar Obs.
1983;87453;42512547;965.6;24646.0;1248.0;1072.0;353246.4;371059.6;3355.7;8207.3;5914.3;4009.2;4407.0;4646.2;2079.3;0.0;154086;Rio Cuarto Aero
1983;87466;49500585;2653.0;25232.0;0.0;931.2;0.0;0.0;4335.2;8656.6;0.0;4024.6;0.0;0.0;915.555555567;0.0;40260;Marcos Juarez INTA
1983;87467;57298215;2724.3;27423.0;1141.0;930.2;365907.3;370806.4;4424.4;8898.9;6326.8;4036.4;6469.0;2968.9;1253.0;0.0;41724;Marcos Juarez Aero
1983;87534;65188077;1041.2;26311.0;1414.0;1108.8;365368.0;371328.8;3657.5;8458.2;5821.3;3384.1;6243.0;3427.7000000000003;1872.6;0.0;50142;Laboulaye Aero
1983;9987009;71919549;2523.0;23205.0;0.0;1024.2;0.0;0.0;3669.5;8413.5;0.0;3914.4;0.0;0.0;804.444444467;0.0;106872;Manfredi INTA
1984;1;82020245;0.0;0.0;0.0;0.0;0.0;0.0;0.0;0.0;0.0;0.0;0.0;0.0;0.0;0.0;397850;La Florida
1984;2;84942490;0.0;0.0;0.0;0.0;0.0;0.0;0.0;0.0;0.0;0.0;0.0;0.0;0.0;25702.124;3204;Pueblo Andino
1984;87244;3188275;0.0;23158.0;1497.0;732.8;325340.2;0.0;3820.6;8104.6;5946.3;3590.2;5134.0;942.1;440.2;0.0;124465;Villa Maria del Rio Seco
1984;87328;11056580;2841.7;21169.0;1428.0;585.1;345452.1;369019.1;3438.6;9139.6;6879.0;4149.1;9267.0;2247.9;797.6;0.0;207685;Villa Dolores Aero
1984;87344;18924885;658.8;25235.0;1563.0;978.2;349827.6;369683.9;3729.9;8491.9;6065.6;3966.8;4562.0;3012.8;1154.9;0.0;173010;Cordoba Aero
1984;87345;26793190;469.0;22498.0;1515.0;825.7;351845.5;0.0;3703.2;8841.7;6749.2;4321.4;4810.0;3432.8;518.2;0.0;155490;Cordoba Obs.
1984;87349;34661495;2448.9;23752.0;1459.0;767.7;355906.1;370217.4;3670.6;8602.3;6422.5;3990.7;9315.0;1314.3;662.0;0.0;123370;Pilar Obs.
1984;87453;42529800;160.1;24930.0;1395.0;764.2;352095.0;369867.3;3324.8;7983.4;5767.0;3905.3;4329.0;4158.7;1783.4;0.0;153665;Rio Cuarto Aero
1984;87466;49498745;2531.8;25530.0;0.0;752.7;0.0;0.0;4305.0;8526.3;0.0;4016.2;0.0;0.0;908.888888904;0.0;40150;Marcos Juarez INTA
1984;87467;57275070;2447.7;27644.0;1297.0;715.8;364781.3;369663.2;4387.8;8839.5;6194.5;3881.5;5809.0;2919.2;1146.5;0.0;41610;Marcos Juarez Aero
1984;87534;65143375;2447.8;25235.0;1606.0;660.3;364259.9;370209.3;3593.3;8247.0;5988.1;3322.5;5748.0;3794.4;1935.9;0.0;50005;Laboulaye Aero
1984;9987009;71856455;2256.8;22720.0;0.0;682.4;0.0;0.0;3522.7;8162.4;0.0;3762.9;0.0;0.0;760.555555582;0.0;106580;Manfredi INTA
1985;1;82153470;0.0;0.0;0.0;0.0;0.0;0.0;0.0;0.0;0.0;0.0;0.0;0.0;0.0;0.0;397850;La Florida
1985;2;80286696;0.0;0.0;0.0;0.0;0.0;0.0;0.0;0.0;0.0;0.0;0.0;0.0;0.0;26768.188;3024;Pueblo Andino
1985;87244;3321500;0.0;24768.0;1530.0;837.6;355377.3;152631.9;4629.5;9498.8;7144.8;4452.2;5518.0;1201.6;584.4;0.0;124465;Villa Maria del Rio Seco
1985;87328;11189805;2103.9;21568.0;1283.0;644.1999999999999;345507.2;369015.2;3841.5;9565.7;7178.0;4441.5;8999.0;2279.1;719.5;0.0;207685;Villa Dolores Aero
1985;87344;19058110;2055.2;26269.0;1479.0;886.9;349952.7;369750.0;4312.9;8966.2;6428.6;4255.1;5093.0;3322.6;1193.9;0.0;173010;Cordoba Aero
1985;87345;26926415;2288.8;22868.0;1437.0;827.4;351885.9;0.0;4109.8;9278.9;7103.0;4665.2;4716.0;3528.2000000000003;516.8;0.0;155490;Cordoba Obs.
1985;87349;34794720;2537.6;24412.0;1396.0;787.1;355920.4;370208.9;4148.0;8872.2;6754.1;4304.4;9002.0;1424.9;734.0;0.0;123370;Pilar Obs.
1985;87453;42663025;744.3;26644.0;1317.0;806.2;352164.1;369896.4;3990.6;8353.4;6039.4;4167.6;3993.0;3453.5;1637.3;0.0;153665;Rio Cuarto Aero
1985;87466;49631970;2357.8;26384.0;0.0;816.8;0.0;0.0;4720.3;8697.8;0.0;4259.5;0.0;0.0;1025.555555554;0.0;40150;Marcos Juarez INTA
1985;87467;57408295;2335.5;29045.0;1288.0;915.1;364717.1;369593.8;4914.7;8962.2;6431.5;4148.5;5950.0;2991.3;1141.4;0.0;41610;Marcos Juarez Aero
1985;87534;65276600;2554.2;27920.0;1512.0;1099.6;364352.4;370279.9;4189.4;8427.2;5912.4;3760.5;5823.0;4209.7;1775.9;0.0;50005;Laboulaye Aero
1985;9987009;71989680;2254.6;24787.0;0.0;989.1;0.0;0.0;5030.0;9685.0;0.0;4576.2;0.0;0.0;771.944444469;0.0;106580;Manfredi INTA
1986;1;82286695;0.0;0.0;0.0;727.6;0.0;0.0;0.0;0.0;0.0;0.0;0.0;0.0;0.0;0.0;397850;La Florida
1986;2;80160140;0.0;0.0;0.0;0.0;0.0;0.0;0.0;0.0;0.0;0.0;0.0;0.0;0.0;23429.423;3015;Pueblo Andino
1986;87244;3454725;0.0;24695.0;1492.0;1110.1000000000001;344731.6;357659.9;4589.1;9188.1;6868.6;4362.3;4682.0;1027.3;570.6;0.0;124465;Villa Maria del Rio Seco
1986;87328;11323030;2039.0;22087.0;1459.0;623.3000000000001;345700.9;369159.3;3686.6;9621.5;6925.7;4608.2;8421.0;1919.2;647.2;0.0;207685;Villa Dolores Aero
1986;87344;19191335;1603.0;25724.0;1574.0;964.8;350036.8;369837.8;4174.9;6698.0;6442.9;4252.6;5110.0;2835.4;1183.5;0.0;173010;Cordoba Aero
1986;87345;27059640;1478.0;23294.0;1532.0;1018.8000000000001;351065.2;0.0;4028.4;9128.2;6928.2;4742.6;4649.0;3520.0;535.2;0.0;155490;Cordoba Obs.
1986;87349;34927945;2514.1;24161.0;1486.0;985.9;355005.7;369258.3;4100.5;8813.1;6740.4;4270.6;9215.0;1369.1;727.6;0.0;123370;Pilar Obs.
1986;87453;42796250;666.8;25973.0;1483.0;883.2;351274.7;368953.0;3890.1;8386.0;6083.9;4215.2;5105.0;4029.5;1656.9;0.0;153665;Rio Cuarto Aero
1986;87466;49765195;2485.7;25102.0;0.0;1006.5;0.0;0.0;4440.5;8748.9;0.0;4423.1;0.0;0.0;1002.222222234;0.0;40150;Marcos Juarez INTA
1986;87467;57541520;2430.3;28714.0;1358.0;1079.8;364586.5;369441.4;4670.5;8804.7;6262.3;4154.6;5245.0;2811.3;1125.4;0.0;41610;Marcos Juarez Aero
1986;87534;65409825;2500.9;26386.0;1571.0;789.2;364457.8;370384.6;3966.8;8625.9;6087.8;3874.2;6190.0;3132.2000000000003;1357.7;0.0;50005;Laboulaye Aero
1986;9987009;72122905;2191.3;22765.0;0.0;763.0;0.0;0.0;3969.8;8918.2;0.0;4267.4;0.0;0.0;798.333333348;0.0;106580;Manfredi INTA
1987;1;82645911;0.0;0.0;0.0;931.0;0.0;0.0;0.0;0.0;0.0;0.0;0.0;0.0;0.0;0.0;398940;La Florida
1987;2;77394999;0.0;0.0;0.0;0.0;0.0;0.0;0.0;0.0;0.0;0.0;0.0;0.0;0.0;24969.438;2907;Pueblo Andino
1987;87244;3597963;0.0;25076.0;1467.0;853.5;356441.8;370908.4;4231.7;9264.9;6711.4;4017.3;5217.0;1057.9;513.5;0.0;124806;Villa Maria del Rio Seco
1987;87328;11487825;2415.3;21343.0;1406.0;480.7;346883.1;370452.2;3259.5;9386.5;6730.9;4443.9;8185.0;2312.8;721.1;0.0;208254;Villa Dolores Aero
1987;87344;19377687;1945.7;24679.0;1492.0;899.6;351032.1;370941.6;3723.9;8690.3;6270.9;4017.2;4174.0;2735.5;1099.4;0.0;173484;Cordoba Aero
1987;87345;27267549;2296.2;23212.0;1481.0;837.9;353005.2;0.0;3612.0;9006.3;6538.9;4471.3;4490.0;3272.7000000000003;387.6;0.0;155916;Cordoba Obs.
1987;87349;35157411;2507.3;22877.0;1401.0;577.5;356982.8;371332.0;3610.3;8720.5;6647.4;4298.9;9053.0;1388.7;690.6;0.0;123708;Pilar Obs.
1987;87453;43047273;410.1;25116.0;1396.0;1042.4;353164.2;370965.3;3485.6;5943.9;5921.7;3977.7;5111.0;3666.8;1589.1;0.0;154086;Rio Cuarto Aero
1987;87466;50035311;2450.4;25531.0;0.0;887.3;0.0;0.0;4301.4;8542.4;0.0;4082.2;0.0;0.0;930.277777786;0.0;40260;Marcos Juarez INTA
1987;87467;57832941;2481.6;28255.0;1324.0;843.2;366450.1;371345.1;4303.8;8633.0;6011.2;3857.5;6033.0;2864.0;1271.0;0.0;41724;Marcos Juarez Aero
1987;87534;65722803;2488.2;26369.0;1495.0;846.4;365481.6;371442.5;3701.4;8372.3;5839.0;3678.8;7254.0;2729.6;1153.2;0.0;50142;Laboulaye Aero
1987;9987009;72454275;2068.0;22388.0;0.0;691.7;0.0;0.0;3537.6;8532.2;0.0;4069.0;0.0;0.0;729.722222245;0.0;106872;Manfredi INTA
1988;1;82553510;0.0;0.0;0.0;24.400000000000002;0.0;0.0;0.0;0.0;0.0;0.0;0.0;0.0;0.0;0.0;397850;La Florida
1988;2;69816720;0.0;0.0;0.0;0.0;0.0;0.0;0.0;0.0;0.0;0.0;0.0;0.0;0.0;14887.941;2619;Pueblo Andino
1988;87244;3721540;0.0;22097.0;1138.0;626.0;355610.0;368001.0;3624.9;9759.8;6979.3;3146.4;4652.0;1324.8;638.8;0.0;124465;Villa Maria del Rio Seco
1988;87328;11589845;1150.8;20860.0;993.0;714.6;346027.7;369574.1;3046.7;9569.0;6664.9;4054.0;8613.0;2389.3;734.9;0.0;207685;Villa Dolores Aero
1988;87344;19458150;1588.0;22796.0;1102.0;575.8;350227.0;370050.2;3446.2;4525.5;6446.4;3901.7;3915.0;3090.7000000000003;1174.6;0.0;173010;Cordoba Aero
1988;87345;27326455;2813.9;20550.0;1108.0;515.0;352136.0;0.0;3049.5;9494.8;6761.2;4428.6;4368.0;3397.9;365.2;0.0;155490;Cordoba Obs.
1988;87349;35194760;2973.9;20405.0;1030.0;675.5;356117.9;370433.4;3061.6;9204.2;6861.9;4135.5;9250.0;1564.3;763.4;0.0;123370;Pilar Obs.
1988;87453;43063065;215.0;22328.0;1029.0;605.2;352264.5;369999.5;2983.8;8295.3;6150.0;3871.8;6605.0;4014.2000000000003;1615.8;0.0;153665;Rio Cuarto Aero
1988;87466;50032010;1940.5;23426.0;0.0;577.6;0.0;0.0;3940.7;8939.3;0.0;4089.5;0.0;0.0;950.555555561;0.0;40150;Marcos Juarez INTA
1988;87467;57808335;2203.6;25980.0;1035.0;590.3;365609.7;370482.6;3951.8;9069.0;6234.1;3802.2;5629.0;3041.5;1339.6;0.0;41610;Marcos Juarez Aero
1988;87534;65676640;2671.0;23727.0;1188.0;617.8;364624.3;370556.6;3142.0;8885.8;5985.1;3452.7;7594.0;3157.9;1340.5;0.0;50005;Laboulaye Aero
1988;9987009;72389720;2728.6;14631.0;0.0;608.8;0.0;0.0;2021.9;9004.9;0.0;3646.6;0.0;0.0;688.333333341;0.0;106580;Manfredi INTA
1989;1;82686735;0.0;0.0;0.0;0.0;0.0;0.0;0.0;0.0;0.0;0.0;0.0;0.0;0.0;0.0;397850;La Florida
1989;2;79035670;0.0;0.0;0.0;0.0;0.0;0.0;0.0;0.0;0.0;0.0;0.0;0.0;0.0;17725.992;2961;Pueblo Andino
1989;87244;3854765;0.0;26125.0;1512.0;952.1;355438.9;368801.1;4700.9;9223.6;6889.3;2541.3;4860.0;1422.0;691.0;0.0;124465;Villa Maria del Rio Seco
1989;87328;11723070;1379.2;22295.0;1245.0;678.9;345853.5;369348.8;3559.8;9507.9;6758.0;4290.1;8060.0;2249.8;760.5;0.0;207685;Villa Dolores Aero
1989;87344;19591375;942.4;26072.0;1418.0;773.1;350056.4;369866.4;4189.7;8770.9;6379.8;4177.4;4387.0;3175.2000000000003;1265.7;0.0;173010;Cordoba Aero
1989;87345;27459680;2550.0;23225.0;1404.0;713.6;351953.7;0.0;3728.3;9110.9;6661.3;4586.4;4849.0;3621.5;414.6;0.0;155490;Cordoba Obs.
1989;87349;35327985;2579.0;23487.0;1371.0;823.8;355990.0;370303.6;3808.2;8751.3;6693.9;4331.5;8393.0;1643.4;848.7;0.0;123370;Pilar Obs.
1989;87453;43196290;1523.5;24355.0;1360.0;812.2;352112.7;369838.4;3484.6;8415.4;6115.5;4189.9;8196.0;4276.0;1728.7;0.0;153665;Rio Cuarto Aero
1989;87466;50165235;2346.8;25267.0;0.0;895.4;0.0;0.0;4418.8;8710.3;0.0;4245.3;0.0;0.0;1041.944444449;0.0;40150;Marcos Juarez INTA
1989;87467;57941560;2082.6;27844.0;1251.0;904.7;365374.8;370236.7;4412.6;8832.2;6214.3;4102.2;5549.0;2982.4;1390.3;0.0;41610;Marcos Juarez Aero
1989;87534;65809865;2473.6;25813.0;1401.0;895.1;364479.9;370414.3;3685.5;8587.4;5994.9;3743.1;6383.0;3211.5;1341.9;0.0;50005;Laboulaye Aero
1989;9987009;72522945;2183.9;14953.0;0.0;771.1;0.0;0.0;2475.8;8727.7;0.0;3692.6;0.0;0.0;488.055555557;0.0;106580;Manfredi INTA
1990;1;82819960;0.0;0.0;0.0;0.0;0.0;0.0;0.0;0.0;0.0;0.0;0.0;0.0;0.0;0.0;397850;La Florida
1990;2;71922656;0.0;0.0;0.0;0.0;0.0;0.0;0.0;0.0;0.0;0.0;0.0;0.0;0.0;27159.531;2691;Pueblo Andino
1990;87244;3987990;0.0;25862.0;1469.0;712.4;355531.9;369912.5;4788.9;9373.6;7043.0;3308.8;5030.0;1482.1;703.0;0.0;124465;Villa Maria del Rio Seco
1990;87328;11856295;1559.7;22984.0;1247.0;694.2;344986.4;368416.7;3852.8;9526.2;6773.7;4422.5;8485.0;2189.8;749.5;0.0;207685;Villa Dolores Aero
1990;87344;19724600;1407.3;26399.0;1485.0;811.2;345492.8;365027.4;4383.1;8986.1;6468.4;4250.3;4059.0;3158.1;1173.1;0.0;173010;Cordoba Aero
1990;87345;27592905;2585.0;23452.0;1476.0;687.7;352051.8;0.0;3917.3;9247.5;6751.8;4721.5;4890.0;3829.1;532.3;0.0;155490;Cordoba Obs.
1990;87349;35461210;2584.6;25020.0;1349.0;939.5;356117.9;370389.3;4041.5;8843.5;6511.3;4457.3;7781.0;1699.9;827.6;0.0;123370;Pilar Obs.
1990;87453;43329515;2188.7;25218.0;1299.0;976.9;352193.0;369920.1;3731.8;8294.3;6102.1;4265.7;5702.0;3681.8;1759.2;0.0;153665;Rio Cuarto Aero
1990;87466;50298460;2333.7;26136.0;0.0;1349.2;0.0;0.0;4600.9;8583.1;0.0;4431.8;0.0;0.0;918.055555562;0.0;40150;Marcos Juarez INTA
1990;87467;58074785;2445.3;29153.0;1241.0;1190.9;365538.4;370410.8;4708.5;8702.3;6167.5;4123.0;4972.0;2846.0;1319.9;0.0;41610;Marcos Juarez Aero
1990;87534;65943090;2282.5;25622.0;1384.0;852.4;364560.3;370497.3;4011.7;8527.2;6286.6;3844.5;6641.0;2622.1;1260.5;0.0;50005;Laboulaye Aero
1990;9987009;72656170;2308.3;22543.0;0.0;926.1;0.0;0.0;3853.7;8163.6;0.0;3608.3;0.0;0.0;1085.555555552;0.0;106580;Manfredi INTA
1991;1;83180637;0.0;0.0;0.0;0.0;0.0;0.0;0.0;0.0;0.0;0.0;0.0;0.0;0.0;0.0;398940;La Florida
1991;87244;4132689;0.0;27011.0;1603.0;1053.7;356253.1;369693.6;4724.8;8968.8;6754.8;4047.1;4820.0;1359.8;657.3;0.0;124806;Villa Maria del Rio Seco
1991;87328;12022551;1667.9;24080.0;1351.0;698.8;346677.5;370315.2;3783.2;9241.3;6478.0;4253.9;8633.0;2159.4;687.0;0.0;208254;Villa Dolores Aero
1991;87344;19912413;1292.7;26182.0;1530.0;952.5;351139.3;371054.1;4021.1;8564.8;6196.1;4098.5;3850.0;3031.8;1227.3;0.0;173484;Cordoba Aero
1991;87345;27802275;2402.8;24455.0;1504.0;948.3;352879.9;0.0;3873.0;8831.7;6462.1;4513.4;4824.0;3941.5;669.3;0.0;155916;Cordoba Obs.
1991;87349;35692137;2321.1;26762.0;1383.0;804.1;356844.5;371179.4;4044.8;8481.1;6083.6;4230.5;6689.0;1790.6;836.5;0.0;123708;Pilar Obs.
1991;87453;43581999;2015.2;26389.0;1373.0;853.5;352953.0;370797.8;3596.8;7891.3;5692.2;3925.0;6012.0;3752.2000000000003;1485.0;0.0;154086;Rio Cuarto Aero
1991;87466;50570037;2426.9;26666.0;0.0;975.1;0.0;0.0;4580.7;8351.0;0.0;4347.8;0.0;0.0;949.166666665;0.0;40260;Marcos Juarez INTA
1991;87467;58367667;2221.5;28975.0;1323.0;1058.6;366323.4;371213.8;4520.5;8436.5;6041.4;4065.1;5482.0;2866.2;1256.0;0.0;41724;Marcos Juarez Aero
1991;87534;66257529;2124.1;26322.0;1497.0;851.4;364325.3;370287.7;3900.4;8211.8;6004.9;3616.2;6784.0;2449.5;1139.4;0.0;50142;Laboulaye Aero
1991;9987009;72989001;2271.8;27639.0;0.0;872.0;0.0;0.0;4542.9;8412.8;0.0;3345.7;0.0;0.0;980.000000004;0.0;106872;Manfredi INTA
1992;1;83086775;0.0;0.0;0.0;0.0;0.0;0.0;0.0;0.0;0.0;0.0;0.0;0.0;0.0;0.0;397850;La Florida
1992;2;17814057;0.0;0.0;0.0;0.0;0.0;0.0;0.0;0.0;0.0;0.0;0.0;0.0;0.0;8329.016;666;Pueblo Andino
1992;87244;4254805;0.0;26835.0;1517.0;787.4;355524.1;363869.2;4717.1;9050.1;6739.2;4071.2;4434.0;1419.2;604.4;0.0;124465;Villa Maria del Rio Seco
1992;87328;12123110;1140.5;22965.0;1283.0;653.4;345909.1;369480.1;3544.5;9255.2;6496.5;4278.1;8734.0;2158.0;731.0;0.0;207685;Villa Dolores Aero
1992;87344;19991415;1063.2;25590.0;1483.0;1129.6;350653.7;370528.6;3933.9;8556.7;6217.9;4102.7;4163.0;3334.5;1327.6;0.0;173010;Cordoba Aero
1992;87345;27859720;2339.7;23943.0;1408.0;1145.8;352140.3;339545.9;3816.3;8898.4;6490.7;4549.0;4630.0;2659.2;324.2;0.0;155490;Cordoba Obs.
1992;87349;35728025;2356.2;26464.0;1377.0;1124.5;356059.9;366297.9;4004.9;8441.3;6092.9;4221.8;7124.0;2723.0;1102.6;0.0;123370;Pilar Obs.
1992;87453;43596330;1424.5;23734.0;1220.0;770.3;322406.2;338721.2;3029.4;7102.4;5038.1;3406.8;5049.0;4527.2;2024.2;0.0;153665;Rio Cuarto Aero
1992;87466;50565275;2522.4;26287.0;0.0;1155.4;0.0;0.0;4544.8;8420.5;0.0;4317.3;0.0;0.0;947.222222212;0.0;40150;Marcos Juarez INTA
1992;87467;58341600;2310.6;28384.0;1240.0;1245.2;365548.4;370426.9;4375.4;8534.8;6029.6;3967.1;5555.0;2943.3;1363.5;0.0;41610;Marcos Juarez Aero
1992;87534;66209905;1956.4;25624.0;1407.0;1141.6;364521.3;370474.3;3747.6;8290.8;6060.5;3628.7;6204.0;2530.6;1169.1;0.0;50005;Laboulaye Aero
1992;9987009;72922985;2371.6;27098.0;0.0;862.0;0.0;0.0;4396.1;8437.0;0.0;3554.7;0.0;0.0;1027.777777778;0.0;106580;Manfredi INTA
1993;1;83220000;0.0;0.0;0.0;1249.0;0.0;0.0;0.0;0.0;0.0;0.0;0.0;0.0;0.0;0.0;397850;La Florida
1993;2;87946750;0.0;0.0;0.0;0.0;0.0;0.0;0.0;0.0;0.0;0.0;0.0;0.0;0.0;41478.948;3285;Pueblo Andino
1993;87244;4388030;0.0;25897.0;1352.0;991.3;355568.2;327291.1;4434.9;9095.8;6723.1;4089.1;5869.0;1233.5;570.9;0.0;124465;Villa Maria del Rio Seco
1993;87328;12256335;941.1;21843.0;1171.0;715.0;345990.3;369588.0;3468.4;9306.7;6689.9;4063.1;7987.0;1781.4;665.7;0.0;207685;Villa Dolores Aero
1993;87344;20124640;1733.3;24255.0;1370.0;835.3000000000001;320563.0;370197.9;3517.8;8585.5;6177.1;3937.3;4221.0;3099.9;1291.6;0.0;173010;Cordoba Aero
1993;87345;27992945;2463.7;23084.0;1314.0;741.5;352218.2;370001.0;3532.1;9015.7;6455.1;4304.6;4350.0;2600.0;417.7;0.0;155490;Cordoba Obs.
1993;87349;35861250;2342.8;25284.0;1330.0;630.8;325836.2;368351.2;3649.3;8471.0;6038.5;4078.0;7283.0;2743.3;1158.2;0.0;123370;Pilar Obs.
1993;87453;43729555;1807.0;25061.0;1331.0;871.4;322385.5;370091.3;3329.2;8085.8;5750.9;3859.9;6675.0;4736.7;2027.5;0.0;153665;Rio Cuarto Aero
1993;87466;50698500;2563.5;26720.0;0.0;1039.9;0.0;0.0;4568.6;8354.5;0.0;4213.9;0.0;0.0;927.777777776;0.0;40150;Marcos Juarez INTA
1993;87467;58474825;2380.0;29151.0;1214.0;1242.5;334491.7;370437.6;4462.4;8474.4;5923.2;3884.3;6058.0;3126.7;1324.2;0.0;41610;Marcos Juarez Aero
1993;87534;66343130;2106.7;25414.0;1297.0;981.1;333618.1;370522.2;3602.4;8324.9;5966.6;3406.5;6757.0;2303.2;982.0;0.0;50005;Laboulaye Aero
1993;9987009;73056210;2456.3;26811.0;0.0;705.0;0.0;0.0;4347.0;8508.7;0.0;3408.6;0.0;0.0;899.722222223;0.0;106580;Manfredi INTA
1994;1;83353225;0.0;0.0;0.0;881.7;0.0;0.0;0.0;0.0;0.0;0.0;0.0;0.0;0.0;0.0;397850;La Florida
1994;2;88079975;0.0;0.0;0.0;0.0;0.0;0.0;0.0;0.0;0.0;0.0;0.0;0.0;0.0;24591.611;3285;Pueblo Andino
1994;87244;4521255;0.0;25236.0;1338.0;507.6;355384.6;347441.6;4657.1;9456.3;7085.8;4489.1;5403.0;1172.2;576.6;0.0;124465;Villa Maria del Rio Seco
1994;87328;12389560;1304.8;21719.0;1257.0;461.7;343815.8;368180.0;4101.0;9798.6;7351.0;4505.5;8547.0;1802.0;728.2;0.0;207685;Villa Dolores Aero
1994;87344;20257865;2310.5;24717.0;1439.0;704.4;144903.3;370178.4;3993.8;9006.4;6505.9;4200.3;4639.0;3456.7000000000003;1255.8;0.0;173010;Cordoba Aero
1994;87345;28126170;2535.9;22718.0;1332.0;644.1;352119.6;369840.9;3801.1;9382.8;6811.5;4617.9;4365.0;2993.8;559.1;0.0;155490;Cordoba Obs.
1994;87349;35994475;2521.5;24336.0;1455.0;651.5;60520.8;370203.6;3762.7;8934.9;6412.7;4338.4;7012.0;2873.4;1067.0;0.0;123370;Pilar Obs.
1994;87453;43862780;2108.9;24380.0;1365.0;961.8;58919.4;369892.3;3391.6;8274.5;5966.0;4086.7;5381.0;4006.1;1569.5;0.0;153665;Rio Cuarto Aero
1994;87466;50831725;2675.3;26495.0;0.0;811.5;0.0;0.0;4747.1;8603.5;0.0;4433.9;0.0;0.0;914.722222214;0.0;40150;Marcos Juarez INTA
1994;87467;58608050;2471.2;27919.0;1230.0;861.8;61157.8;370293.8;4419.0;8730.7;6171.4;4084.6;5516.0;3223.1;1278.3;0.0;41610;Marcos Juarez Aero
1994;87534;66476355;2513.2;25317.0;1308.0;974.5;61981.5;369341.3;3775.7;8404.0;6153.5;3627.6;5779.0;2271.5;957.9;0.0;50005;Laboulaye Aero
1994;9987009;73189435;2303.4;26719.0;0.0;534.9;0.0;0.0;4786.5;8796.6;0.0;3844.1;0.0;0.0;1236.944444455;0.0;106580;Manfredi INTA
1995;1;83715363;0.0;0.0;0.0;1200.1;0.0;0.0;0.0;0.0;0.0;0.0;0.0;0.0;0.0;0.0;398940;La Florida
1995;2;88455063;0.0;0.0;0.0;0.0;0.0;0.0;0.0;0.0;0.0;0.0;0.0;0.0;0.0;20122.878;3294;Pueblo Andino
1995;87244;4667415;0.0;24348.0;1337.0;686.0;356356.3;369748.3;4346.2;9425.8;7047.9;4320.5;5543.0;1155.2;568.4;0.0;124806;Villa Maria del Rio Seco
1995;87328;12557277;2388.0;21574.0;1157.0;568.3;343870.5;370306.3;3660.9;9629.6;7028.2;4379.4;8506.0;1981.8;703.7;0.0;208254;Villa Dolores Aero
1995;87344;20447139;2690.0;23696.0;1354.0;961.6;351324.3;371179.6;3592.8;8998.8;6489.1;4112.5;4528.0;3999.6;1312.5;0.0;173484;Cordoba Aero
1995;87345;28337001;2645.0;22146.0;1323.0;946.8;353077.2;370852.0;3535.9;9326.1;6780.0;4649.8;4405.0;2511.9;536.6;0.0;155916;Cordoba Obs.
1995;87349;36226863;2775.9;23250.0;1257.0;709.7;356941.5;371255.8;3281.4;8913.5;6343.4;4234.9;7189.0;2895.4;954.4;0.0;123708;Pilar Obs.
1995;87453;44116725;2298.3;23021.0;1239.0;782.1;353096.4;370878.7;2967.2;8441.6;5998.7;4062.1;6842.0;3687.9;1589.8;0.0;154086;Rio Cuarto Aero
1995;87466;51104763;2762.3;25450.0;0.0;752.7;0.0;0.0;4695.9;8917.3;0.0;4518.9;0.0;0.0;889.722222216;0.0;40260;Marcos Juarez INTA
1995;87467;58902393;2668.9;27136.0;1142.0;773.1;366400.4;371315.7;4226.1;8900.2;6199.6;3972.1;5101.0;2941.2;1193.5;0.0;41724;Marcos Juarez Aero
1995;87534;66792255;2725.4;23707.0;1215.0;893.8;363445.6;369341.4;3387.6;8715.2;6222.6;3521.8;6421.0;2310.7;978.0;0.0;50142;Laboulaye Aero
1995;9987009;73523727;2530.8;26979.0;0.0;663.5;0.0;0.0;4926.8;8655.6;0.0;3587.9;0.0;0.0;1100.833333331;0.0;106872;Manfredi INTA
1996;1;83620040;0.0;0.0;0.0;950.2;0.0;0.0;0.0;0.0;0.0;0.0;0.0;0.0;0.0;0.0;397850;La Florida
1996;2;88346790;0.0;0.0;0.0;0.0;0.0;0.0;0.0;0.0;0.0;0.0;0.0;0.0;0.0;11818.886;3285;Pueblo Andino
1996;87244;4788070;0.0;23806.0;1289.0;640.8;350746.9;363930.7;4139.5;9334.5;6897.4;3934.9;5751.0;1291.7;515.2;0.0;124465;Villa Maria del Rio Seco
1996;87328;12656375;2643.3;22360.0;1084.0;656.9;346054.1;369602.8;3601.4;9655.1;6747.9;4351.8;8191.0;2309.8;710.6;0.0;207685;Villa Dolores Aero
1996;87344;20524680;2877.0;23577.0;1280.0;715.8;350518.5;370321.3;3700.8;9044.8;6510.0;4182.5;4682.0;3604.2000000000003;1327.2;0.0;173010;Cordoba Aero
1996;87345;28392985;2756.2;22284.0;1190.0;738.8;352258.1;369981.6;3732.3;9466.2;6857.5;4669.9;4925.0;2726.1;411.2;0.0;155490;Cordoba Obs.
1996;87349;36261290;2858.0;23197.0;1146.0;605.9;356148.3;370417.7;3459.1;9109.6;6445.7;4298.3;6318.0;3065.7;1035.6;0.0;123370;Pilar Obs.
1996;87453;44129595;2473.6;22433.0;1219.0;685.7;349389.1;366963.6;3063.8;8645.5;6216.5;4218.5;7186.0;3880.1;1589.7;0.0;153665;Rio Cuarto Aero
1996;87466;51098540;2858.7;24922.0;0.0;488.6;0.0;0.0;4689.7;9106.8;0.0;4454.7;0.0;0.0;926.666666664;0.0;40150;Marcos Juarez INTA
1996;87467;58874865;2817.0;25996.0;1058.0;513.5;365527.7;370422.6;4126.6;7891.2;6379.0;3982.1;5427.0;3179.7;1266.2;0.0;41610;Marcos Juarez Aero
1996;87534;66743170;2817.1;24615.0;1158.0;736.5;364578.4;370470.8;3438.8;8959.0;6036.4;3623.8;6395.0;2520.5;916.6;0.0;50005;Laboulaye Aero
1996;9987009;73456250;2722.0;28768.0;0.0;616.1;0.0;0.0;5374.0;8938.8;0.0;3624.9;0.0;0.0;1222.500000002;0.0;106580;Manfredi INTA
1997;1;83753265;0.0;0.0;0.0;1153.6;0.0;0.0;0.0;0.0;0.0;0.0;0.0;0.0;0.0;0.0;397850;La Florida
1997;2;88480015;0.0;0.0;0.0;0.0;0.0;0.0;0.0;0.0;0.0;0.0;0.0;0.0;0.0;30084.455;3285;Pueblo Andino
1997;87244;4921295;0.0;26623.0;1726.0;842.4;354295.8;369653.1;4550.4;8786.1;6683.9;4107.0;6057.0;1918.3;779.8;0.0;124465;Villa Maria del Rio Seco
1997;87328;12789600;2587.9;24203.0;1435.0;764.1;345646.5;369210.8;3912.8;9275.7;6572.8;4330.1;7881.0;2349.7;715.2;0.0;207685;Villa Dolores Aero
1997;87344;20657905;2189.0;26222.0;1700.0;1063.3;350175.4;370018.8;4000.6;8519.1;6165.3;4186.6;4276.0;3851.7000000000003;1242.1;0.0;173010;Cordoba Aero
1997;87345;28526210;2106.6;24443.0;1635.0;1021.6;339243.8;356365.9;4099.1;8548.8;6352.5;4516.7;4400.0;3016.1;430.2;0.0;155490;Cordoba Obs.
1997;87349;36394515;2366.4;26488.0;1553.0;1110.0;355779.2;370066.9;4041.6;8441.9;6173.1;4294.9;6015.0;2803.5;1065.3;0.0;123370;Pilar Obs.
1997;87453;44262820;1887.8;26071.0;1708.0;1111.9;352081.2;369849.5;3655.8;7887.6;5818.7;4224.7;5055.0;3925.5;1625.8;0.0;153665;Rio Cuarto Aero
1997;87466;51231765;2256.1;27187.0;0.0;886.3;0.0;0.0;4834.2;8369.8;0.0;4583.7;0.0;0.0;958.888888879;0.0;40150;Marcos Juarez INTA
1997;87467;59008090;2179.6;28634.0;1553.0;1083.2;365160.8;370061.0;4544.7;8574.7;6167.1;4245.1;5107.0;3447.3;1517.0;0.0;41610;Marcos Juarez Aero
1997;87534;66876395;2219.9;27958.0;1625.0;1573.1;364355.1;370261.0;3928.3;8075.4;5691.4;3905.0;5460.0;2313.1;857.9;0.0;50005;Laboulaye Aero
1997;9987009;73589475;2110.0;17830.0;0.0;729.9;0.0;0.0;2503.4;8277.0;0.0;3572.0;0.0;0.0;902.222222233;0.0;106580;Manfredi INTA
1998;1;83886490;0.0;0.0;0.0;1216.6;0.0;0.0;0.0;0.0;0.0;0.0;0.0;0.0;0.0;0.0;397850;La Florida
1998;2;88613240;0.0;0.0;0.0;0.0;0.0;0.0;0.0;0.0;0.0;0.0;0.0;0.0;0.0;30233.897;3285;Pueblo Andino
1998;87244;5054520;0.0;25252.0;1460.0;673.1;354694.1;370073.0;4271.7;9043.5;6771.7;3920.8;5599.0;1741.2;771.9;0.0;124465;Villa Maria del Rio Seco
1998;87328;12922825;2640.6;24101.0;1320.0;662.6;346261.6;369867.4;3839.4;9249.8;6556.2;4239.7;8204.0;2115.8;653.8;0.0;207685;Villa Dolores Aero
1998;87344;20791130;2562.6;26302.0;1394.0;840.2;350725.4;370600.2;4153.3;8628.0;6241.3;4140.9;4457.0;3819.4;1212.5;0.0;173010;Cordoba Aero
1998;87345;28659435;2465.7;23650.0;1340.0;893.4;341679.3;358911.5;3962.9;8833.8;6476.8;4518.6;4440.0;2797.8;342.2;0.0;155490;Cordoba Obs.
1998;87349;36527740;2628.0;25878.0;1309.0;766.8;356368.9;370675.7;3914.9;8619.8;6187.3;3979.8;6176.0;2089.3;758.9;0.0;123370;Pilar Obs.
1998;87453;44396045;2079.4;24547.0;1451.0;945.1;352702.2;370466.4;3444.2;8195.4;5995.0;4251.2;6788.0;3910.3;1604.1;0.0;153665;Rio Cuarto Aero
1998;87466;51364990;2583.4;26577.0;0.0;636.9;0.0;0.0;4743.6;8626.4;0.0;4383.3;0.0;0.0;799.16666666;0.0;40150;Marcos Juarez INTA
1998;87467;59141315;2493.2;27396.0;1291.0;686.4;365811.8;370719.8;4182.8;8778.2;6095.9;3927.7;5189.0;2909.6;1207.6;0.0;41610;Marcos Juarez Aero
1998;87534;67009620;2584.4;28270.0;1320.0;1234.0;364947.4;370860.9;4040.9;8186.4;5709.1;3820.3;6181.0;2134.9;782.8;0.0;50005;Laboulaye Aero
1998;9987009;73722700;2386.7;0.0;0.0;859.0;0.0;0.0;0.0;8606.0;0.0;3444.0;0.0;0.0;0.0;0.0;106580;Manfredi INTA
1999;1;84250089;0.0;0.0;0.0;1729.9;0.0;0.0;0.0;0.0;0.0;0.0;0.0;0.0;0.0;0.0;398940;La Florida
1999;2;88989789;0.0;0.0;0.0;0.0;0.0;0.0;0.0;0.0;0.0;0.0;0.0;0.0;0.0;40710.88284;3294;Pueblo Andino
1999;87244;5202141;0.0;26177.0;1473.0;965.9;354591.3;370973.7;4419.3;8833.3;6681.8;3949.6;5846.0;1701.0;849.3;0.0;124806;Villa Maria del Rio Seco
1999;87328;13092003;2744.7;24909.0;1305.0;792.7;347185.4;370892.4;3874.5;8990.5;6378.6;4200.8;7964.0;2081.1;670.5;0.0;208254;Villa Dolores Aero
1999;87344;20981865;2438.7;26098.0;1484.0;1341.5;351587.6;371526.9;3936.6;8442.7;6134.1;4072.9;4515.0;3821.6;1175.3;0.0;173484;Cordoba Aero
1999;87345;28871727;2404.6;25307.0;1459.0;1242.5;353117.5;370970.6;4091.3;8856.1;6460.0;4454.3;4631.0;2864.3;356.1;0.0;155916;Cordoba Obs.
1999;87349;36761589;2523.1;26451.0;1381.0;998.3;357257.6;371614.2;3950.5;8433.9;6109.9;4055.7;7961.0;2082.0;857.7;0.0;123708;Pilar Obs.
1999;87453;44651451;2044.5;24842.0;1449.0;1133.3;353539.0;371363.4;3413.2;8034.4;5925.5;4183.7;7561.0;2731.1;1334.5;0.0;154086;Rio Cuarto Aero
1999;87466;51639489;2459.6;25615.0;0.0;852.2;0.0;0.0;4555.4;8596.9;0.0;4406.4;0.0;0.0;818.333333326;0.0;40260;Marcos Juarez INTA
1999;87467;59437119;2418.4;27900.0;1355.0;981.4;366677.5;371596.2;4351.0;8740.1;6159.2;3970.4;5629.0;2365.7;1104.8;0.0;41724;Marcos Juarez Aero
1999;87534;67326981;2580.2;28327.0;1358.0;984.6;365871.9;371799.8;4022.6;8207.3;5697.6;3743.0;5842.0;2292.5;856.0;0.0;50142;Laboulaye Aero
1999;9987009;74058453;2282.2;60.0;0.0;825.5;0.0;0.0;13.0;8291.7;0.0;3298.9;0.0;0.0;0.0;0.0;106872;Manfredi INTA
2000;1;84153305;0.0;0.0;0.0;1200.7;0.0;0.0;0.0;0.0;0.0;0.0;0.0;0.0;0.0;0.0;397850;La Florida
2000;2;88880055;0.0;0.0;0.0;0.0;0.0;0.0;0.0;0.0;0.0;0.0;0.0;0.0;0.0;38582.12323;3285;Pueblo Andino
2000;87244;5321335;0.0;26859.0;1423.0;1064.8;353223.5;367538.7;4639.5;8943.6;6685.8;3930.2;5787.0;1635.5;817.4;0.0;124465;Villa Maria del Rio Seco
2000;87328;13189640;2996.6;23992.0;1213.0;643.3;345963.3;369563.0;3847.8;9207.9;6548.8;4334.9;8368.0;2199.0;736.7;0.0;207685;Villa Dolores Aero
2000;87344;21057945;2668.5;25736.0;1403.0;1257.1;350183.7;370027.2;3921.4;8635.5;6195.7;4152.0;4227.0;4039.2000000000003;1279.6;0.0;173010;Cordoba Aero
2000;87345;28926250;2680.1;25186.0;1336.0;937.1;351659.1;369426.4;4158.1;9021.4;6536.9;4573.2;4813.0;3149.5;398.6;0.0;155490;Cordoba Obs.
2000;87349;36794555;2664.3;26739.0;1317.0;999.0;355874.6;370173.9;4089.8;8531.0;6125.1;4222.9;8390.0;2640.5;1091.4;0.0;123370;Pilar Obs.
2000;87453;44662860;2140.9;24747.0;1408.0;833.5;352152.4;369914.2;3350.6;8154.2;5888.7;4056.4;7434.0;3168.6;1574.3;0.0;153665;Rio Cuarto Aero
2000;87466;51631805;2269.4;26023.0;0.0;985.7;0.0;0.0;4572.7;8468.4;0.0;4375.4;0.0;0.0;838.055555548;0.0;40150;Marcos Juarez INTA
2000;87467;59408130;2498.6;28211.0;1301.0;1080.3;365277.7;370185.2;4400.9;8697.9;6089.1;3991.9;5765.0;2374.5;1068.1;0.0;41610;Marcos Juarez Aero
2000;87534;67276435;2606.9;27840.0;1330.0;864.2;364415.4;370320.1;3888.5;8304.1;5664.4;3642.5;6518.0;2484.4;957.3;0.0;50005;Laboulaye Aero
2000;9987009;73989515;2482.9;141.0;0.0;821.0;0.0;0.0;-10.4;8264.9;0.0;3478.4;0.0;0.0;0.555555556;0.0;106580;Manfredi INTA
2001;1;84286530;0.0;0.0;0.0;1201.0;0.0;0.0;0.0;0.0;0.0;0.0;0.0;0.0;0.0;0.0;397850;La Florida
2001;2;89013280;0.0;0.0;0.0;0.0;0.0;0.0;0.0;0.0;0.0;0.0;0.0;0.0;0.0;59214.50871;3285;Pueblo Andino
2001;87244;5454560;0.0;27658.0;1523.0;975.1;346408.2;360424.1;5005.4;8909.8;6799.4;4064.8;5609.0;1514.3999999999999;729.2;0.0;124465;Villa Maria del Rio Seco
2001;87328;13322865;2471.5;24068.0;1359.0;673.9;345975.5;369542.3;3933.0;9289.3;6630.6;4433.9;8023.0;2221.4;696.4;0.0;207685;Villa Dolores Aero
2001;87344;21191170;2431.4;26187.0;1505.0;900.1;350205.8;370035.2;4128.3;8585.3;6260.6;4300.5;4393.0;3891.4;1252.7;0.0;173010;Cordoba Aero
2001;87345;29059475;2446.6;25964.0;1452.0;703.0;352180.7;369963.8;4378.8;8958.7;6579.7;4706.9;4642.0;3114.1;425.7;0.0;155490;Cordoba Obs.
2001;87349;36927780;2459.0;26924.0;1479.0;833.2;355954.6;370241.1;4233.0;8512.5;6210.4;4456.8;8250.0;2289.1;964.1;0.0;123370;Pilar Obs.
2001;87453;44796085;2056.4;25487.0;1569.0;730.8;352231.2;369972.2;3624.6;8135.3;5968.2;4242.4;6680.0;3966.5;1879.6;0.0;153665;Rio Cuarto Aero
2001;87466;51765030;2195.8;25408.0;0.0;979.0;0.0;0.0;4633.4;8573.7;0.0;4660.4;0.0;0.0;853.8888888820001;0.0;40150;Marcos Juarez INTA
2001;87467;59541355;2366.0;28503.0;1459.0;979.7;365279.9;370175.5;4629.2;8802.1;6272.5;4136.9;5782.0;2294.7;1037.3;0.0;41610;Marcos Juarez Aero
2001;87534;67409660;2323.7;28299.0;1484.0;887.9;364465.9;370362.0;4158.7;8264.9;5833.5;3922.5;5920.0;2457.3;970.0;0.0;50005;Laboulaye Aero
2001;9987009;74122740;1163.6;19516.0;0.0;914.3;0.0;0.0;3818.9;8388.2;0.0;3843.4;0.0;0.0;0.0;0.0;106580;Manfredi INTA
2002;1;84419755;0.0;0.0;0.0;1082.4;0.0;0.0;0.0;0.0;0.0;0.0;0.0;0.0;0.0;0.0;397850;La Florida
2002;2;89146505;0.0;0.0;0.0;0.0;0.0;0.0;0.0;0.0;0.0;0.0;0.0;0.0;0.0;37322.5605;3285;Pueblo Andino
2002;87244;5587785;0.0;26261.0;1374.0;1041.5;339565.6;353289.9;4732.3;9085.7;6841.0;3965.9;6042.0;1625.8;757.7;0.0;124465;Villa Maria del Rio Seco
2002;87328;13456090;3031.5;22382.0;1242.0;509.5;345933.4;369474.7;3560.6;9581.2;6779.1;4504.5;7891.0;2416.5;816.5;0.0;207685;Villa Dolores Aero
2002;87344;21324395;2648.4;25297.0;1354.0;1118.8;350138.8;369950.8;3986.5;8827.1;6341.3;4187.8;4284.0;4030.2000000000003;1290.2;0.0;173010;Cordoba Aero
2002;87345;29192700;2648.0;25252.0;1314.0;924.8;352245.7;370025.7;4217.0;9156.2;6624.4;4614.7;4519.0;3272.4;452.5;0.0;155490;Cordoba Obs.
2002;87349;37061005;2675.7;25927.0;1400.0;807.1;355897.4;370176.2;4003.6;8718.1;6259.8;4336.0;7480.0;2448.5;968.6;0.0;123370;Pilar Obs.
2002;87453;44929310;2335.6;24245.0;1419.0;749.8;352167.1;369891.5;3343.0;8412.5;6037.0;3670.5;5086.0;4262.4;1948.0;0.0;153665;Rio Cuarto Aero
2002;87466;51898255;2392.6;25859.0;0.0;928.1;0.0;0.0;4623.7;8805.6;0.0;4327.5;0.0;0.0;817.777777772;0.0;40150;Marcos Juarez INTA
2002;87467;59674580;2513.3;28071.0;1273.0;1027.4;365299.5;370200.3;4443.5;8864.9;6186.2;3998.0;5571.0;2314.4;1019.3;0.0;41610;Marcos Juarez Aero
2002;87534;67542885;2579.2;27814.0;1358.0;777.0;364386.1;370282.9;4029.5;8516.0;5810.3;3734.4;6348.0;2575.4;975.3;0.0;50005;Laboulaye Aero
2002;9987009;74255965;0.0;25926.0;0.0;816.5;0.0;0.0;4138.3;8668.6;0.0;3588.5;0.0;0.0;0.0;0.0;106580;Manfredi INTA
2003;1;84784815;0.0;0.0;0.0;820.0;0.0;0.0;0.0;0.0;0.0;0.0;0.0;0.0;0.0;0.0;398940;La Florida
2003;2;89524515;0.0;0.0;0.0;0.0;0.0;0.0;0.0;0.0;0.0;0.0;0.0;0.0;0.0;19279.78287;3294;Pueblo Andino
2003;87244;5736867;0.0;24696.0;1298.0;545.3;329090.9;342385.8;4314.7;9227.2;6915.5;3824.4;5462.0;1652.2;764.2;0.0;124806;Villa Maria del Rio Seco
2003;87328;13626729;3005.2;20961.0;1238.0;639.3;347130.4;370734.6;3217.9;9600.9;6916.6;4535.5;8135.0;2335.2;798.6;0.0;208254;Villa Dolores Aero
2003;87344;21516591;2743.5;22605.0;1338.0;663.3;351434.7;371314.2;3211.1;8883.5;6386.7;4206.9;3978.0;4196.0;1377.2;0.0;173484;Cordoba Aero
2003;87345;29406453;2655.3;23842.0;1291.0;833.9;353564.5;371399.2;3869.8;9205.9;6678.2;4669.6;4534.0;3317.0;465.7;0.0;155916;Cordoba Obs.
2003;87349;37296315;2758.2;24191.0;1335.0;649.4;357255.7;371585.4;3523.8;8857.9;6299.6;4285.6;7587.0;2661.4;1032.8;0.0;123708;Pilar Obs.
2003;87453;45186177;2499.1;22993.0;1306.0;931.5;351560.9;369255.4;2987.3;8467.4;6079.5;4052.0;5799.0;4103.6;1927.1;0.0;154086;Rio Cuarto Aero
2003;87466;52174215;2617.9;24148.0;0.0;809.9;0.0;0.0;4216.9;8935.4;0.0;4069.1;0.0;0.0;823.333333325;0.0;40260;Marcos Juarez INTA
2003;87467;59971845;2646.5;25780.0;1192.0;751.6;366725.6;371645.3;3886.8;8903.8;6197.4;3876.8;5366.0;2441.0;1094.4;0.0;41724;Marcos Juarez Aero
2003;87534;67861707;2711.7;25976.0;1246.0;791.3;365750.3;371667.4;3501.4;8613.4;5814.3;3517.4;6396.0;2680.7;1111.7;0.0;50142;Laboulaye Aero
2003;9987009;74593179;0.0;24834.0;0.0;524.5;0.0;0.0;3931.1;8965.7;0.0;3468.7;0.0;0.0;0.0;0.0;106872;Manfredi INTA
2004;1;84686570;0.0;0.0;0.0;945.5;0.0;0.0;0.0;0.0;0.0;0.0;0.0;0.0;0.0;0.0;397850;La Florida
2004;2;89413320;0.0;0.0;0.0;0.0;0.0;0.0;0.0;0.0;0.0;0.0;0.0;0.0;0.0;35631.93513;3285;Pueblo Andino
2004;87244;5854600;0.0;23994.0;1257.0;786.3;302706.4;314902.9;4277.6;9436.1;7044.3;3802.1;5108.0;1479.4;697.4;0.0;124465;Villa Maria del Rio Seco
2004;87328;13722905;3150.1;21607.0;1204.0;569.3;345975.4;369531.2;3264.0;9408.9;6645.7;4305.1;7844.0;2518.9;767.0;0.0;207685;Villa Dolores Aero
2004;87344;21591210;2805.0;22772.0;1340.0;846.2;350238.4;370053.7;3314.1;8928.2;6354.1;4176.5;4885.0;4009.1;1335.8;0.0;173010;Cordoba Aero
2004;87345;29459515;2771.5;23969.0;1249.0;783.1;351425.2;369153.9;3968.6;9261.9;6638.5;4537.4;4493.0;3060.2;359.4;0.0;155490;Cordoba Obs.
2004;87349;37327820;2826.3;24784.0;1351.0;918.5;356053.6;370338.4;3669.3;8781.1;6214.3;4196.7;7407.0;2388.3;1030.1;0.0;123370;Pilar Obs.
2004;87453;45196125;2557.3;24214.0;1281.0;914.4;352333.3;370092.6;3255.0;8317.5;5892.2;3765.7;6646.0;3285.1;1646.5;0.0;153665;Rio Cuarto Aero
2004;87466;52165070;2630.8;26505.0;0.0;824.9;0.0;0.0;4708.8;8693.3;0.0;4215.5;0.0;0.0;840.833333325;0.0;40150;Marcos Juarez INTA
2004;87467;59941395;2505.7;26908.0;1366.0;839.9;365471.7;370374.9;4191.4;8810.1;6157.7;3913.2;5823.0;2425.3;1183.6;0.0;41610;Marcos Juarez Aero
2004;87534;67809700;2590.3;27122.0;1277.0;858.1;364586.6;370496.1;3697.4;8316.9;5648.7;3593.8;6897.0;2635.3;1035.6;0.0;50005;Laboulaye Aero
2004;9987009;74522780;0.0;25972.0;0.0;833.5;0.0;0.0;4028.6;8587.1;0.0;3428.6;0.0;0.0;0.0;0.0;106580;Manfredi INTA
2005;1;84819795;0.0;0.0;0.0;922.0;0.0;0.0;0.0;0.0;0.0;0.0;0.0;0.0;0.0;0.0;397850;La Florida
2005;2;89546545;0.0;0.0;0.0;0.0;0.0;0.0;0.0;0.0;0.0;0.0;0.0;0.0;0.0;22152.96174;3285;Pueblo Andino
2005;87244;5987825;0.0;23855.0;1320.0;698.8;266140.6;247253.2;4097.9;9196.0;6847.3;325.4;5283.0;1397.8;625.4;0.0;124465;Villa Maria del Rio Seco
2005;87328;13856130;2967.0;21407.0;1260.0;514.6;346168.2;369717.1;3230.6;9432.3;6741.9;4463.3;7800.0;2325.6;662.8;0.0;207685;Villa Dolores Aero
2005;87344;21724435;2597.8;23119.0;1380.0;799.1;350430.2;370273.3;3336.5;8754.5;6269.9;4192.9;4990.0;4152.2;1311.0;0.0;173010;Cordoba Aero
2005;87345;29592740;2424.5;23947.0;1323.0;787.9;352619.7;370419.9;3883.7;9077.8;6594.3;4593.7;4674.0;3246.0;400.2;0.0;155490;Cordoba Obs.
2005;87349;37461045;2682.7;25309.0;1358.0;762.6;356228.1;370532.1;3780.6;8614.1;6171.0;4215.2;8377.0;2127.6;869.0;0.0;123370;Pilar Obs.
2005;87453;45329350;2479.9;23411.0;1340.0;661.6;352532.9;370285.1;3103.5;8429.3;5998.7;3923.0;7451.0;3403.3;1629.7;0.0;153665;Rio Cuarto Aero
2005;87466;52298295;2584.4;25454.0;0.0;840.2;0.0;0.0;4460.1;8719.1;0.0;4068.3;0.0;0.0;755.833333331;0.0;40150;Marcos Juarez INTA
2005;87467;60074620;2477.2;27349.0;1316.0;857.5;365702.3;370612.3;4178.6;8781.4;6064.1;3796.1;6044.0;2263.0;1099.5;0.0;41610;Marcos Juarez Aero
2005;87534;67942925;2603.8;25718.0;1294.0;722.0;364817.3;370725.6;3402.0;8605.5;5743.4;3476.4;5703.0;3005.0;1159.6;0.0;50005;Laboulaye Aero
2005;9987009;74656005;0.0;25768.0;0.0;787.5;0.0;0.0;3803.9;8420.9;0.0;3194.2;0.0;0.0;0.0;0.0;106580;Manfredi INTA
2005;9987015;31994635;0.0;0.0;0.0;450.0;0.0;0.0;0.0;0.0;0.0;0.0;0.0;0.0;0.0;0.0;18875;Canals INTA
2006;1;84953020;0.0;0.0;0.0;1214.0;0.0;0.0;0.0;0.0;0.0;0.0;0.0;0.0;0.0;0.0;397850;La Florida
2006;2;89679770;0.0;0.0;0.0;0.0;0.0;0.0;0.0;0.0;0.0;0.0;0.0;0.0;0.0;41325.91697;3285;Pueblo Andino
2006;87244;6121050;0.0;26573.0;1395.0;935.5;249777.5;165335.4;4969.0;9382.1;7040.4;0.0;5579.0;1339.4;609.1;0.0;124465;Villa Maria del Rio Seco
2006;87328;13989355;3050.6;22162.0;1223.0;765.6;345839.2;369357.2;3467.0;9482.9;6787.0;4538.0;8113.0;2249.5;534.7;0.0;207685;Villa Dolores Aero
2006;87344;21857660;2644.8;23338.0;1403.0;913.9;350078.8;369866.5;3480.7;8905.3;6425.2;4272.0;4592.0;4220.400000000001;1322.0;0.0;173010;Cordoba Aero
2006;87345;29725965;2508.7;24705.0;1361.0;852.5;352116.6;369872.9;4166.0;9230.2;6687.8;4722.4;4892.0;2851.1;636.4;0.0;155490;Cordoba Obs.
2006;87349;37594270;2569.5;25488.0;1322.0;936.8000000000001;355868.2;370136.1;3924.9;8724.6;6309.0;4391.6;8828.0;1799.2;624.0;0.0;123370;Pilar Obs.
2006;87453;45462575;2484.9;23359.0;1323.0;874.2;352218.6;370030.1;3099.1;8450.6;6060.6;4127.5;7496.0;3365.3;1330.3;0.0;153665;Rio Cuarto Aero
2006;87466;52431520;2533.7;26093.0;0.0;924.4;0.0;0.0;4659.3;8841.9;0.0;4132.4;0.0;0.0;786.388888881;0.0;40150;Marcos Juarez INTA
2006;87467;60207845;2492.5;27846.0;1350.0;962.6;365322.5;370220.9;4392.6;8872.1;6195.5;3980.9;5815.0;2387.1;1146.2;0.0;41610;Marcos Juarez Aero
2006;87534;68076150;2544.9;26575.0;1294.0;1153.8;364456.9;370357.1;3683.5;8511.5;5805.1;3668.2;6468.0;3081.9;1179.7;0.0;50005;Laboulaye Aero
2006;9987009;74789230;0.0;27306.0;0.0;833.0;0.0;0.0;4385.7;8601.1;0.0;3520.9;0.0;0.0;0.0;0.0;106580;Manfredi INTA
2006;9987015;77432195;0.0;0.0;0.0;916.8;0.0;0.0;0.0;0.0;0.0;0.0;0.0;0.0;0.0;0.0;45625;Canals INTA
2007;1;85319541;0.0;0.0;0.0;901.5;0.0;0.0;0.0;0.0;0.0;0.0;0.0;0.0;0.0;0.0;398940;La Florida
2007;2;90059241;0.0;0.0;0.0;0.0;0.0;0.0;0.0;0.0;0.0;0.0;0.0;0.0;0.0;25554.45923;3294;Pueblo Andino
2007;87244;6271593;0.0;27691.0;1145.0;674.0;357065.3;96521.3;4996.8;9356.4;6809.0;0.0;5668.0;1362.2;590.7;0.0;124806;Villa Maria del Rio Seco
2007;87328;14161455;3178.3;22246.0;1045.0;692.6;347065.1;370751.1;3172.6;9302.0;6456.5;4131.4;7576.0;2073.2;546.9;0.0;208254;Villa Dolores Aero
2007;87344;22051317;2888.7;22283.0;1210.0;594.5;351164.3;371061.6;3000.4;8850.7;6218.4;4053.7;5045.0;3678.1;1250.0;0.0;173484;Cordoba Aero
2007;87345;29941179;2595.4;23768.0;1150.0;595.0;353370.8;371239.4;3708.5;9204.5;6490.6;4368.4;5351.0;2203.7;659.9;0.0;155916;Cordoba Obs.
2007;87349;37831041;2859.5;24195.0;1114.0;586.0;357038.9;371389.8;3348.4;8806.8;6097.5;3984.4;8331.0;1726.5;628.1;0.0;123708;Pilar Obs.
2007;87453;45720903;2657.4;22678.0;1038.0;982.1;353354.1;371278.5;2742.0;8421.0;5871.3;3812.2;6933.0;3335.0;1114.0;0.0;154086;Rio Cuarto Aero
2007;87466;52708941;2836.0;24359.0;0.0;588.6;0.0;0.0;4114.3;8875.9;0.0;3880.5;0.0;0.0;620.277777787;0.0;40260;Marcos Juarez INTA
2007;87467;60506571;2797.9;26279.0;1172.0;596.3;366487.4;371428.2;3793.8;8875.4;5977.6;3561.7;5895.0;2496.4;1105.9;0.0;41724;Marcos Juarez Aero
2007;87534;68396433;2741.5;25615.0;1111.0;662.8;365617.5;371549.7;3193.3;8517.9;5570.1;3289.4;6888.0;2745.7;1007.8;0.0;50142;Laboulaye Aero
2007;9987009;75127905;0.0;25797.0;0.0;674.0;0.0;0.0;3774.5;8820.3;0.0;2886.1;0.0;0.0;0.0;0.0;106872;Manfredi INTA
2007;9987015;77778111;0.0;0.0;0.0;684.5;0.0;0.0;0.0;0.0;0.0;0.0;0.0;0.0;0.0;0.0;45750;Canals INTA
2008;1;85219835;0.0;0.0;0.0;836.0;0.0;0.0;0.0;0.0;0.0;0.0;0.0;0.0;0.0;0.0;397850;La Florida
2008;2;89946585;0.0;0.0;0.0;0.0;0.0;0.0;0.0;0.0;0.0;0.0;0.0;0.0;0.0;17674.59224;3285;Pueblo Andino
2008;87244;6387865;0.0;26929.0;1043.0;501.1;356096.3;31506.5;5254.5;9875.6;7227.4;0.0;6077.0;1186.8;546.9;0.0;124465;Villa Maria del Rio Seco
2008;87328;14256170;3247.0;21806.0;1012.0;636.1;346130.2;369664.5;3469.3;9632.0;6808.8;4435.5;7380.0;1975.6;464.3;0.0;207685;Villa Dolores Aero
2008;87344;22124475;2994.0;21015.0;1169.0;557.4;350397.9;370160.1;3097.6;9345.8;6669.9;1252.8;4799.0;3303.7;1288.5;0.0;173010;Cordoba Aero
2008;87345;29992780;2730.9;22395.0;1118.0;500.7;352503.6;370233.5;3871.6;9712.2;6989.1;2918.2;5117.0;2365.4;744.9;0.0;155490;Cordoba Obs.
2008;87349;37861085;2961.9;23014.0;1037.0;494.4;356198.5;370511.3;3504.7;9323.2;6538.1;4351.2;8067.0;1780.5;585.0;0.0;123370;Pilar Obs.
2008;87453;45729390;2736.7;21694.0;1038.0;660.3;352420.0;370205.9;2966.2;8934.2;6372.8;4206.0;7641.0;3576.1;1384.9;0.0;153665;Rio Cuarto Aero
2008;87466;52698335;2877.0;22700.0;0.0;678.4;0.0;0.0;4148.7;9447.1;0.0;4317.7;0.0;0.0;357.500000029;0.0;40150;Marcos Juarez INTA
2008;87467;60474660;2881.9;24816.0;1149.0;685.1;365557.2;370471.7;3879.0;9444.9;6437.4;3917.3;5437.0;2405.1;980.1;0.0;41610;Marcos Juarez Aero
2008;87534;68342965;2894.5;23568.0;1074.0;606.4;364497.9;370409.7;3217.7;9243.2;6138.2;3688.7;6895.0;3130.5;1126.7;0.0;50005;Laboulaye Aero
2008;9987009;75056045;0.0;24601.0;0.0;534.3;0.0;0.0;3865.9;9219.1;0.0;3215.5;0.0;0.0;0.0;0.0;106580;Manfredi INTA
2008;9987015;77699010;0.0;0.0;0.0;371.0;0.0;0.0;0.0;0.0;0.0;0.0;0.0;0.0;0.0;0.0;45625;Canals INTA
2009;1;85353060;0.0;0.0;0.0;1076.5;0.0;0.0;0.0;0.0;0.0;0.0;0.0;0.0;0.0;0.0;397850;La Florida
2009;2;90079810;0.0;0.0;0.0;0.0;0.0;0.0;0.0;0.0;0.0;0.0;0.0;0.0;0.0;29793.35229;3285;Pueblo Andino
2009;87244;6521090;0.0;24630.0;1256.0;663.0;355713.1;50926.2;4483.9;9609.7;7035.2;0.0;5894.0;1162.0;595.3;0.0;124465;Villa Maria del Rio Seco
2009;87328;14389395;3244.0;20834.0;1175.0;612.0;345909.1;369398.3;3122.9;9655.1;6839.4;4534.1;7768.0;1703.9;501.4;0.0;207685;Villa Dolores Aero
2009;87344;22257700;2906.8;21600.0;1341.0;923.4;350204.4;370005.9;3001.9;9123.2;6479.3;4357.1;4877.0;3506.8;1369.9;0.0;173010;Cordoba Aero
2009;87345;30126005;2618.4;22973.0;1291.0;731.9;352253.4;370013.0;3792.5;9462.8;6794.6;0.0;5380.0;2556.9;938.5;0.0;155490;Cordoba Obs.
2009;87349;37994310;2845.7;22945.0;1278.0;458.3;355904.4;370257.8;3270.1;8168.8;6384.6;4256.1;7638.0;1774.4;635.6;0.0;123370;Pilar Obs.
2009;87453;45862615;2629.4;22289.0;1216.0;645.8;352156.5;369973.2;2845.9;8730.3;6089.2;3971.8;7857.0;3795.7000000000003;1511.2;0.0;153665;Rio Cuarto Aero
2009;87466;52831560;2774.3;24474.0;0.0;1134.9;0.0;0.0;4254.5;9058.4;0.0;4056.6;0.0;0.0;364.722222236;0.0;40150;Marcos Juarez INTA
2009;87467;60607885;2798.3;26324.0;1268.0;1180.2;365331.5;370258.9;3987.7;6034.0;6150.2;3032.8;5825.0;2549.9;1095.3;0.0;41610;Marcos Juarez Aero
2009;87534;68476190;2783.5;24404.0;1207.0;1042.6;364269.6;370201.9;3093.2;8722.7;5818.9;3560.7;5832.0;3221.8;1167.1;0.0;50005;Laboulaye Aero
2009;9987009;75189270;0.0;24754.0;0.0;850.5;0.0;0.0;3832.2;9059.4;0.0;3251.5;0.0;0.0;0.0;0.0;106580;Manfredi INTA
2009;9987015;77832235;0.0;0.0;0.0;855.6;0.0;0.0;0.0;0.0;0.0;0.0;0.0;0.0;0.0;0.0;45625;Canals INTA
2010;1;85486285;0.0;0.0;0.0;1014.7;0.0;0.0;0.0;0.0;0.0;0.0;0.0;0.0;0.0;0.0;397850;La Florida
2010;2;90213035;0.0;0.0;0.0;0.0;0.0;0.0;0.0;0.0;0.0;0.0;0.0;0.0;0.0;22210.965248;3285;Pueblo Andino
2010;87244;6654315;0.0;24328.0;1188.0;597.7;355068.2;10119.9;4217.4;9319.0;6842.2;1243.6;5634.0;1066.7;557.7;0.0;124465;Villa Maria del Rio Seco
2010;87328;14522620;3293.3;22071.0;1057.0;570.6;346312.0;370031.0;3170.9;9318.4;6450.5;4097.5;7264.0;1731.1;624.2;0.0;207685;Villa Dolores Aero
2010;87344;22390925;2967.1;21437.0;1255.0;495.0;350530.7;370498.1;2905.9;9010.1;6355.5;4141.4;4296.0;3377.0;1271.3;0.0;173010;Cordoba Aero
2010;87345;30259230;2734.0;23037.0;1167.0;610.1;352557.3;370377.0;3677.2;9273.8;6618.6;3541.7;4960.0;2489.5;853.2;0.0;155490;Cordoba Obs.
2010;87349;38127535;2918.2;23472.0;1156.0;622.3;356184.3;370578.7;3240.5;8915.8;6180.3;4028.3;7791.0;2011.8;691.4;0.0;123370;Pilar Obs.
2010;87453;45995840;2774.4;22717.0;1093.0;865.9;352496.4;370364.2;2873.9;8483.7;5930.8;3821.5;7939.0;3693.2000000000003;1431.0;0.0;153665;Rio Cuarto Aero
2010;87466;52964785;2921.2;24129.0;0.0;796.5;0.0;0.0;4114.5;8908.4;0.0;3845.6;0.0;0.0;360.277777796;0.0;40150;Marcos Juarez INTA
2010;87467;60741110;2783.2;26107.0;1166.0;882.6;365597.3;370535.4;3817.0;4877.9;6041.1;2378.3;5394.0;2220.0;916.3;0.0;41610;Marcos Juarez Aero
2010;87534;68609415;2935.4;23993.0;1046.0;689.6;364611.7;370545.8;3137.3;8793.4;5884.1;3486.4;6471.0;3244.9;1067.6;0.0;50005;Laboulaye Aero
2010;9987009;75322495;0.0;25246.0;0.0;656.5;0.0;0.0;3696.7;8754.3;0.0;2985.1;0.0;0.0;0.0;0.0;106580;Manfredi INTA
2010;9987015;77965460;0.0;0.0;0.0;684.4;0.0;0.0;0.0;0.0;0.0;0.0;0.0;0.0;0.0;0.0;45625;Canals INTA
2011;1;85854267;0.0;0.0;0.0;840.5;0.0;0.0;0.0;0.0;0.0;0.0;0.0;0.0;0.0;0.0;398940;La Florida
2011;2;90593967;0.0;0.0;0.0;0.0;0.0;0.0;0.0;0.0;0.0;0.0;0.0;0.0;0.0;19134.40455;3294;Pueblo Andino
2011;87244;6806319;0.0;24836.0;1213.0;730.1;356734.7;8120.3;4654.3;9634.6;7191.4;1827.5;5847.0;1126.9;569.7;0.0;124806;Villa Maria del Rio Seco
2011;87328;14696181;3193.4;18912.0;1151.0;582.5;346966.9;370622.1;2738.8;9891.7;7117.5;4671.0;7666.0;2861.6;1242.4;0.0;208254;Villa Dolores Aero
2011;87344;22586043;2764.6;21913.0;1352.0;677.1;351265.8;371220.9;3288.3;9329.5;6650.7;4492.0;4191.0;3544.0;1374.9;0.0;173484;Cordoba Aero
2011;87345;30475905;2668.5;23418.0;1221.0;742.2;353271.0;371053.4;4066.7;9616.5;6929.1;4780.8;5681.0;2355.5;830.7;0.0;155916;Cordoba Obs.
2011;87349;38365767;2878.9;23809.0;1222.0;640.8;356982.0;371374.5;3549.6;9224.3;6433.9;4260.0;8486.0;2150.1;848.1;0.0;123708;Pilar Obs.
2011;87453;46255629;2628.4;23386.0;1186.0;723.8;352255.8;370072.5;3231.5;8733.3;6186.7;4119.6;7094.0;4214.3;1771.7;0.0;154086;Rio Cuarto Aero
2011;87466;53243667;2904.4;22701.0;0.0;671.5;0.0;0.0;4013.3;9206.4;0.0;4208.6;0.0;0.0;372.50000000800003;0.0;40260;Marcos Juarez INTA
2011;87467;61041297;2752.2;25938.0;1253.0;796.3;364399.5;368285.6;4093.4;9097.9;6392.0;3705.2;5397.0;3106.1;1595.5;0.0;41724;Marcos Juarez Aero
2011;87534;68931159;2805.9;23907.0;1170.0;925.6;365396.4;371328.1;3322.9;9043.7;6195.8;3840.0;6547.0;3126.8;1069.3;0.0;50142;Laboulaye Aero
2011;9987009;75662631;0.0;25539.0;0.0;844.5;0.0;0.0;4076.7;9053.9;0.0;3366.3;0.0;0.0;743.33333332;0.0;106872;Manfredi INTA
2011;9987013;31553866;0.0;0.0;0.0;327.7;0.0;0.0;0.0;0.0;0.0;0.0;0.0;0.0;0.0;0.0;148584;Capilla del Monte INTA
2011;9987015;78312837;0.0;0.0;0.0;772.5;0.0;0.0;0.0;0.0;0.0;0.0;0.0;0.0;0.0;0.0;45750;Canals INTA
2012;1;85753100;0.0;0.0;0.0;1078.5;0.0;0.0;0.0;0.0;0.0;0.0;0.0;0.0;0.0;0.0;397850;La Florida
2012;2;90479850;0.0;0.0;0.0;0.0;0.0;0.0;0.0;0.0;0.0;0.0;0.0;0.0;0.0;54634.63084;3285;Pueblo Andino
2012;87244;6921130;0.0;24409.0;1139.0;507.0;352837.8;36308.3;4586.1;9727.9;7125.8;2622.4;5530.0;1190.6;665.3;0.0;124465;Villa Maria del Rio Seco
2012;87328;14789435;3284.4;19016.0;1139.0;554.9;346057.2;369684.3;2804.8;9813.3;6948.2;4517.7;7470.0;2715.2;1014.5;0.0;207685;Villa Dolores Aero
2012;87344;22657740;2842.4;23262.0;1335.0;782.3;349595.3;370237.8;3311.7;9097.2;6246.8;3882.7;6045.0;3340.4;1334.1;0.0;173010;Cordoba Aero
2012;87345;30526045;2795.8;23615.0;1230.0;788.5;352373.7;370127.1;4083.8;9419.1;6815.6;4695.1;5310.0;3617.0;918.2;0.0;155490;Cordoba Obs.
2012;87349;38394350;2925.9;23822.0;1203.0;808.5;356107.1;370480.9;3549.7;8999.2;6346.1;4075.3;7681.0;3964.9;1182.8;0.0;123370;Pilar Obs.
2012;87453;46262655;2704.5;24055.0;1165.0;853.5;352264.0;370107.5;3321.5;8486.2;5994.5;3986.3;6751.0;4387.0;1885.2;0.0;153665;Rio Cuarto Aero
2012;87466;53231600;2841.3;24543.0;0.0;1168.7;0.0;0.0;4274.8;8959.1;0.0;4091.1;0.0;0.0;501.111111113;0.0;40150;Marcos Juarez INTA
2012;87467;61007925;2701.6;26971.0;1293.0;1335.9;365435.7;370368.5;4182.9;8842.8;6147.6;3779.7999999999997;5812.0;3950.9;1683.9;0.0;41610;Marcos Juarez Aero
2012;87534;68876230;2795.0;25314.0;1163.0;866.1999999999999;364390.2;370317.1;3581.3;8705.8;5951.3;3798.9;6737.0;2799.4;939.4;0.0;50005;Laboulaye Aero
2012;9987009;75589310;0.0;24570.0;0.0;866.0;0.0;0.0;3827.8;8798.8;0.0;3212.2;0.0;0.0;823.61111111;0.0;106580;Manfredi INTA
2012;9987013;76366760;0.0;0.0;0.0;448.6;0.0;0.0;0.0;0.0;0.0;0.0;0.0;0.0;0.0;0.0;359160;Capilla del Monte INTA
2012;9987015;78232275;0.0;0.0;0.0;1115.0;0.0;0.0;0.0;0.0;0.0;0.0;0.0;0.0;0.0;0.0;45625;Canals INTA
2013;1;85886325;0.0;0.0;0.0;1253.2;0.0;0.0;0.0;0.0;0.0;0.0;0.0;0.0;0.0;0.0;397850;La Florida
2013;2;90613075;0.0;0.0;0.0;0.0;0.0;0.0;0.0;0.0;0.0;0.0;0.0;0.0;0.0;41864.833;3285;Pueblo Andino
2013;87244;7054355;0.0;24957.0;1315.0;731.0;354921.0;172245.9;4590.0;9606.9;7147.8;3760.3;3369.0;835.2;580.3;0.0;124465;Villa Maria del Rio Seco
2013;87328;14922660;3071.4;20253.0;1212.0;613.4;346388.4;369957.3;2799.3;9489.4;6743.0;4511.9;7133.0;2903.1;1143.0;0.0;207685;Villa Dolores Aero
2013;87344;22790965;2695.4;23211.0;1395.0;930.3;349426.0;370315.3;3070.8;9044.2;6150.2;3685.3;6688.0;3196.5;1333.4;0.0;173010;Cordoba Aero
2013;87345;30659270;2595.8;23713.0;1310.0;746.2;352250.8;370007.3;3989.0;9409.9;6786.8;4701.5;5141.0;3702.2000000000003;738.7;0.0;155490;Cordoba Obs.
2013;87349;38527575;2761.8;23814.0;1298.0;803.9;356134.3;370505.3;3516.3;8946.3;6389.0;4111.5;8106.0;4653.6;1256.5;0.0;123370;Pilar Obs.
2013;87453;46395880;2487.5;23203.0;1262.0;958.2;352298.9;370134.3;3049.4;8525.8;6059.1;3935.0;7225.0;4464.0;1814.3;0.0;153665;Rio Cuarto Aero
2013;87466;53364825;2525.6;21492.0;0.0;876.2;0.0;0.0;3783.5;8417.0;0.0;3852.7;0.0;0.0;767.777777775;0.0;40150;Marcos Juarez INTA
2013;87467;61141150;2505.4;26556.0;1362.0;1018.9;365614.7;370549.9;4145.5;8901.4;6255.5;3925.6;5687.0;4639.6;1655.4;0.0;41610;Marcos Juarez Aero
2013;87534;69009455;2722.2;24192.0;1222.0;1033.6;364402.1;370322.9;3337.6;8854.0;6064.1;3749.7;6278.0;2955.3;1065.5;0.0;50005;Laboulaye Aero
2013;9987009;75722535;0.0;21887.0;0.0;1011.0;0.0;0.0;3551.4;8511.8;0.0;3212.8;0.0;0.0;598.888888888;0.0;106580;Manfredi INTA
2013;9987013;76499985;0.0;0.0;0.0;776.9;0.0;0.0;0.0;0.0;0.0;0.0;0.0;0.0;0.0;0.0;359160;Capilla del Monte INTA
2013;9987015;78365500;0.0;0.0;0.0;1058.0;0.0;0.0;0.0;0.0;0.0;0.0;0.0;0.0;0.0;0.0;45625;Canals INTA
2014;1;86019550;0.0;0.0;0.0;1171.1;0.0;0.0;0.0;0.0;0.0;0.0;0.0;0.0;0.0;0.0;397850;La Florida
2014;2;89005680;0.0;0.0;0.0;0.0;0.0;0.0;0.0;0.0;0.0;0.0;0.0;0.0;0.0;58444.562949;3222;Pueblo Andino
2014;87244;7187580;0.0;27164.0;1384.0;805.8;354936.9;369317.9;4769.4;9579.5;6805.6;4253.6;0.0;0.0;471.5;0.0;124465;Villa Maria del Rio Seco
2014;87328;15055885;2998.1;21762.0;1229.0;672.8;346308.4;369720.2;3631.8;9702.7;7031.0;4832.2;7625.0;2915.3;1194.4;0.0;207685;Villa Dolores Aero
2014;87344;22924190;2610.2;25220.0;1387.0;1075.1;349432.7;370231.1;3891.3;9175.6;6379.0;3986.9;5544.0;3337.3;1276.3;0.0;173010;Cordoba Aero
2014;87345;30792495;2313.2;25004.0;1357.0;1008.0;352110.0;369814.8;4598.8;9501.5;7037.6;5031.9;5333.0;4065.6;761.1;0.0;155490;Cordoba Obs.
2014;87349;38660800;2703.6;25465.0;1301.0;905.8;355993.6;370321.9;4258.8;9171.5;6663.2;4435.2;8685.0;4668.3;1231.5;0.0;123370;Pilar Obs.
2014;87453;46529105;2313.5;23835.0;1270.0;897.3;352247.4;370015.1;3629.5;8905.1;6428.3;4340.8;7303.0;4583.6;1939.7;0.0;153665;Rio Cuarto Aero
2014;87466;53498050;2013.4;17745.0;0.0;905.2;0.0;0.0;3256.7;8687.3;0.0;4223.6;0.0;0.0;669.3;0.0;40150;Marcos Juarez INTA
2014;87467;61274375;2526.3;27313.0;1309.0;953.1;365468.4;370388.6;4594.9;9226.9;6537.3;4183.0;4764.0;3790.9;1424.6;0.0;41610;Marcos Juarez Aero
2014;87534;69142680;2742.2;25666.0;1164.0;946.9;364329.2;370232.3;4046.7;9073.2;6365.2;4161.7;6239.0;2968.9;1031.8;0.0;50005;Laboulaye Aero
2014;9987009;75855760;632.4;26451.0;0.0;855.1;0.0;0.0;4898.1;9608.4;0.0;4000.5;0.0;0.0;346.2;0.0;106580;Manfredi INTA
2014;9987013;76633210;0.0;0.0;0.0;584.4;0.0;0.0;0.0;0.0;0.0;0.0;0.0;0.0;0.0;0.0;359160;Capilla del Monte INTA
2015;1;86388993;0.0;0.0;0.0;1336.0;0.0;0.0;0.0;0.0;0.0;0.0;0.0;0.0;0.0;0.0;398940;La Florida
2015;2;92869313;0.0;0.0;0.0;0.0;0.0;0.0;0.0;0.0;0.0;0.0;0.0;0.0;0.0;77834.273001;3357;Pueblo Andino
2015;87244;7341045;0.0;26800.0;1651.0;744.3;356943.9;371441.5;4478.1;9014.2;6596.6;1765.9;0.0;0.0;490.4;0.0;124806;Villa Maria del Rio Seco
2015;87328;15230907;2685.9;23756.0;1489.0;918.6;347280.5;370866.5;3783.8;9138.9;6621.8;4573.6;7760.0;2614.1;1068.5;0.0;208254;Villa Dolores Aero
2015;87344;23120769;2297.1;26612.0;1748.0;921.1;350506.9;371355.7;3926.0;8718.3;6038.8;3877.8;4756.0;3165.4;1171.5;0.0;173484;Cordoba Aero
2015;87345;31010631;1997.8;25929.0;1706.0;969.8;353052.5;370871.0;4431.2;9054.6;6664.6;4802.8;5315.0;3788.9;692.9;0.0;155916;Cordoba Obs.
2015;87349;38900493;2214.0;26148.0;1672.0;709.1;353984.0;368272.6;4180.5;8700.3;6321.9;4288.0;5765.0;2552.7000000000003;959.7;0.0;123708;Pilar Obs.
2015;87453;46790355;2069.6;25463.0;1610.0;897.9;353401.5;371309.4;3569.7;8227.3;5971.1;4064.7;2133.0;1207.3;1545.8;0.0;154086;Rio Cuarto Aero
2015;87466;53778393;2369.6;26595.0;0.0;967.7;0.0;0.0;4860.4;8781.0;0.0;4515.9;0.0;0.0;871.5;0.0;40260;Marcos Juarez INTA
2015;87467;61576023;2252.3;28209.0;1586.0;1213.2;366530.6;371476.0;4635.1;8692.4;6344.2;4225.2;1484.0;728.0;1104.3;0.0;41724;Marcos Juarez Aero
2015;87534;69465885;2405.3;26346.0;1467.0;1142.2;365587.4;371528.1;3926.1;8443.8;6057.5;4107.0;6254.0;2731.1;955.1;0.0;50142;Laboulaye Aero
2015;9987009;76197357;0.0;27376.0;0.0;905.4;0.0;0.0;4780.7;9089.5;0.0;3892.1;0.0;0.0;52.6;0.0;106872;Manfredi INTA
2015;9987013;76976937;0.0;0.0;0.0;817.0;0.0;0.0;0.0;0.0;0.0;0.0;0.0;0.0;0.0;0.0;360144;Capilla del Monte INTA
2016;1;86286365;0.0;0.0;0.0;887.5;0.0;0.0;0.0;0.0;0.0;0.0;0.0;0.0;0.0;0.0;397850;La Florida
2016;2;91013115;0.0;0.0;0.0;0.0;0.0;0.0;0.0;0.0;0.0;0.0;0.0;0.0;0.0;49119.31634;3285;Pueblo Andino
2016;87244;7454395;0.0;25661.0;1342.0;596.0;356218.8;370708.2;4044.4;9414.4;6432.8;3911.6;0.0;0.0;497.4;0.0;124465;Villa Maria del Rio Seco
2016;87328;15322700;3051.9;22467.0;1190.0;616.8;346571.4;370111.9;3425.5;9361.2;6590.6;4255.2;7221.0;2641.6;1134.2;0.0;207685;Villa Dolores Aero
2016;87344;23191005;2684.2;25475.0;1363.0;752.6;349740.3;370609.4;3544.9;8842.4;5973.5;3508.4;4359.0;3631.0;1196.7;0.0;173010;Cordoba Aero
2016;87345;31059310;2529.2;25478.0;1300.0;795.9;352114.3;369886.6;4325.5;9182.8;6645.5;4623.5;5295.0;3924.5;721.9;0.0;155490;Cordoba Obs.
2016;87349;38927615;2714.9;25986.0;1301.0;672.4;355908.4;370281.8;4069.9;8759.8;6304.3;4111.7;1113.0;251.20000000000002;775.6;0.0;123370;Pilar Obs.
2016;87453;46795920;2538.2;24385.0;1281.0;559.0;352593.3;370449.6;3347.2;8258.2;6023.7;3974.1;4729.0;3271.1;1772.7;0.0;153665;Rio Cuarto Aero
2016;87466;53764865;2553.4;26839.0;0.0;892.1;0.0;0.0;4880.4;8866.4;0.0;4212.9;0.0;0.0;954.1;0.0;40150;Marcos Juarez INTA
2016;87467;61541190;2373.8;28034.0;1288.0;1037.2;365504.3;370441.4;4470.9;8732.5;6217.4;3869.8;3197.0;1144.9;1043.1;0.0;41610;Marcos Juarez Aero
2016;87534;69409495;2619.7;26262.0;1253.0;1433.0;364704.0;370628.4;3950.1;8539.3;6096.2;4099.5;6804.0;2618.7;944.0;0.0;50005;Laboulaye Aero
2016;9987009;76122575;0.0;23736.0;0.0;786.0;0.0;0.0;3792.9;8264.4;0.0;3001.8;0.0;0.0;70.9;0.0;106580;Manfredi INTA
2016;9987013;76900025;0.0;0.0;0.0;617.5;0.0;0.0;0.0;0.0;0.0;0.0;0.0;0.0;0.0;0.0;359160;Capilla del Monte INTA
2017;1;86419590;0.0;0.0;0.0;917.0;0.0;0.0;0.0;0.0;0.0;0.0;0.0;0.0;0.0;0.0;397850;La Florida
2017;2;23460567;0.0;0.0;0.0;0.0;0.0;0.0;0.0;0.0;0.0;0.0;0.0;0.0;0.0;7431.64307;846;Pueblo Andino
2017;87244;7587620;0.0;25546.0;1375.0;596.5;355794.7;370197.6;4503.3;9846.3;6909.7;4350.6;0.0;0.0;628.9;0.0;124465;Villa Maria del Rio Seco
2017;87328;15455925;3125.4;20787.0;1199.0;576.6;346220.9;369656.8;3192.5;9665.9;6915.0;4576.1;7620.0;2910.7;1184.7;0.0;207685;Villa Dolores Aero
2017;87344;23324230;2763.6;23428.0;1381.0;587.5;349347.3;370144.8;3370.3;9425.7;6366.4;3769.2;4559.0;4005.2000000000003;1385.5;0.0;173010;Cordoba Aero
2017;87345;31192535;2406.3;22717.0;1286.0;669.9;351507.7;369173.3;3977.1;9701.3;7083.1;4972.3;5514.0;4167.2;774.5;0.0;155490;Cordoba Obs.
2017;87349;39060840;2743.5;24545.0;1324.0;633.1;355278.5;369582.3;3988.2;9255.7;6628.5;4369.8;2757.0;1314.0;936.3;0.0;123370;Pilar Obs.
2017;87453;46929145;2659.8;23032.0;1293.0;509.0;352228.9;370024.2;3199.4;8809.1;6259.2;3980.6;7618.0;5495.3;1887.0;0.0;153665;Rio Cuarto Aero
2017;87466;53898090;2467.2;25540.0;0.0;792.7;0.0;0.0;4816.4;8718.2;0.0;4421.7;0.0;0.0;1008.9;0.0;40150;Marcos Juarez INTA
2017;87467;61674415;2518.5;27179.0;1414.0;808.7;364813.7;369730.2;4455.4;9167.9;6425.4;3989.2;4156.0;3601.2000000000003;1463.5;0.0;41610;Marcos Juarez Aero
2017;87534;69542720;2677.0;25179.0;1248.0;762.9;364309.4;370217.9;3793.2;8823.1;6253.4;4111.9;6616.0;2695.8;971.0;0.0;50005;Laboulaye Aero
2017;9987009;31948542;0.0;4254.0;0.0;192.0;0.0;0.0;609.0;3294.2;0.0;874.7;0.0;0.0;390.5;0.0;44676;Manfredi INTA
2017;9987013;77033250;0.0;0.0;0.0;649.0;0.0;0.0;0.0;0.0;0.0;0.0;0.0;0.0;0.0;0.0;359160;Capilla del Monte INTA
2018;1;43141189;0.0;0.0;0.0;351.5;0.0;0.0;0.0;0.0;0.0;0.0;0.0;0.0;0.0;0.0;198380;La Florida
2018;87244;7720845;0.0;28093.0;1462.0;796.1;356149.2;370646.9;4603.7;9093.5;6343.7;4109.6;18.0;12.3;567.3;0.0;124465;Villa Maria del Rio Seco
2018;87328;15589150;2969.3;22723.0;1347.0;722.3;346600.1;370360.3;3409.0;9178.3;6515.9;4266.3;7320.0;2482.9;971.5;0.0;207685;Villa Dolores Aero
2018;87344;23457455;2594.6;25337.0;1428.0;829.2;349751.6;370643.5;3580.2;8770.7;6031.6;3641.8;4482.0;3638.4;1363.1;0.0;173010;Cordoba Aero
2018;87345;31325760;2317.5;24082.0;1361.0;931.2;351702.2;369454.8;3937.4;9051.3;6635.2;4687.2;5390.0;3315.4;750.8;0.0;155490;Cordoba Obs.
2018;87349;39194065;2682.0;25907.0;1376.0;733.6;356037.3;370422.5;4014.6;8697.1;6267.4;4240.4;7241.0;3620.3;972.4;0.0;123370;Pilar Obs.
2018;87453;47062370;2446.8;24528.0;1396.0;1067.9;352614.5;370486.2;3324.2;8325.6;5942.7;3933.9;6063.0;4692.6;1845.6;0.0;153665;Rio Cuarto Aero
2018;87466;49585360;2199.6;22133.0;0.0;680.4;0.0;0.0;3962.2;7789.8;0.0;3647.1;0.0;0.0;880.3;0.0;36850;Marcos Juarez INTA
2018;87467;61807640;2449.0;27486.0;1369.0;1075.7;365056.8;369992.0;4219.8;8731.3;6089.5;3872.9;4058.0;3893.5;1497.6;0.0;41610;Marcos Juarez Aero
2018;87534;69675945;2603.8;25288.0;1259.0;705.7;364757.9;370690.6;3583.8;8655.7;5976.1;3767.3;6762.0;2694.2;998.5;0.0;50005;Laboulaye Aero
2018;9987013;77166475;0.0;0.0;0.0;657.8;0.0;0.0;0.0;0.0;0.0;0.0;0.0;0.0;0.0;0.0;359160;Capilla del Monte INTA
2019;87244;4761123;0.0;14935.0;735.0;272.7;216604.5;225443.1;2120.4;5638.1;3720.7;2095.5;0.0;0.0;441.9;0.0;75702;Villa Maria del Rio Seco
2019;87328;9546777;1952.9;11595.0;733.0;195.2;210762.5;225223.1;1374.8;5684.1;3918.6;2380.9;4674.0;1711.7;645.8;0.0;126318;Villa Dolores Aero
2019;87344;14332431;1263.2;13706.0;775.0;421.4;212732.3;225462.7;1629.0;5332.2;3558.4;1980.9;2782.0;2446.2000000000003;885.2;0.0;105228;Cordoba Aero
2019;87345;19118085;1494.6;13036.0;704.0;352.3;214299.5;225132.3;1845.0;5535.0;3928.2;2595.4;3150.0;2298.8;510.7;0.0;94572;Cordoba Obs.
2019;87349;23903739;1728.0;14209.0;746.0;281.8;216789.3;225571.5;1890.8;5258.1;3655.8;2275.3;4253.0;2314.2000000000003;635.8;0.0;75036;Pilar Obs.
2019;87453;28689393;1441.5;13344.0;749.0;431.3;214477.1;225378.5;1404.8;5043.1;3431.1;2135.8;2982.0;2109.3;1104.5;0.0;93462;Rio Cuarto Aero
2019;87467;37657749;1526.1;15872.0;793.0;487.6;222386.2;225399.1;2123.8;5110.6;3468.3;2025.1;3229.0;2352.1;923.7;0.0;25308;Marcos Juarez Aero
2019;87534;42443403;1612.2;13599.0;709.0;379.9;221879.6;225502.4;1403.3;5158.1;3404.7;1922.0;4199.0;1794.7;705.4;0.0;30414;Laboulaye Aero
2019;9987013;44881142;0.0;0.0;0.0;200.0;0.0;0.0;0.0;0.0;0.0;0.0;0.0;0.0;0.0;0.0;208608;Capilla del Monte INTA
