,omm_id,hydro_year,helio,hr,nub,pres_est,pres_nm,td,tmax,tmed,tmin,vmax_d,vmax_f,vmed,caudal,PTA,PMDA
0,1,1957,,,,,,,22.32,,8.36,,,3.946,,441.3,159.0
1,1,1958,,,,,,,19.916666666666668,,5.866666666666667,,,4.153333333333333,,632.1,85.0
2,1,1959,,,,,,,21.208333333333332,,5.316666666666667,,,4.045833333333333,,724.7,72.0
3,1,1960,,,,,,,20.766666666666666,,5.9750000000000005,,,4.111666666666666,,1085.9,97.0
4,1,1961,,,,,,,20.650000000000002,,6.191666666666666,,,4.1674999999999995,,808.8,86.5
5,1,1962,,,,,,,20.766666666666666,,6.2250000000000005,,,4.3525,,516.5,59.0
6,1,1963,,,,,,,19.900000000000002,,6.641666666666667,,,4.711666666666667,,409.4,53.0
7,1,1964,,,,,,,20.375,,5.316666666666666,,,4.3966666666666665,,884.2,78.0
8,1,1965,,,,,,,20.716666666666665,,6.516666666666667,,,4.555,,1081.9,178.0
9,1,1966,,,,,,,21.108333333333334,,6.6499999999999995,,,4.5225,,684.1,57.5
10,1,1967,,,,,,,20.591666666666665,,5.591666666666668,,,4.4575000000000005,,900.2,90.5
11,1,1968,,,,,,,21.40833333333333,,7.608333333333333,,,4.529166666666667,,319.3,38.6
12,1,1969,,,,,,,21.566666666666666,,6.925,,,4.810833333333334,,970.6,99.6
13,1,1970,,,,,,,20.658333333333335,,5.683333333333334,,,4.704166666666667,,739.8,93.2
14,1,1971,,,,,,,22.108333333333334,,7.066666666666666,,,4.641666666666667,,611.9,58.5
15,1,1972,,,,,,,19.666666666666668,,6.5249999999999995,,,4.7124999999999995,,1135.4,85.9
16,1,1973,,,,,,,20.075,,6.1000000000000005,,,4.748333333333334,,680.9,79.8
17,1,1974,,,,,,,20.183333333333334,,6.158333333333334,,,4.8875,,1020.6,87.5
18,1,1975,,,,,,,20.533333333333335,,6.0,,,4.756666666666667,,745.3,63.9
19,1,1976,,,,,,,20.058333333333334,,6.2250000000000005,,,4.578333333333333,,1001.9,54.5
20,1,1977,,,,,,,20.875,,6.983333333333333,,,4.503333333333333,,1191.5,144.0
21,1,1978,,,,,,,20.083333333333332,,6.366666666666667,,,4.510833333333333,,1472.8,102.5
22,1,1979,,,,,,,20.583333333333332,,6.925,,,4.3875,,1258.3,135.0
23,1,1980,,,,,,,20.508333333333333,,6.5,,,4.74,,1146.1,90.0
24,1,1981,,,,,,,20.55,,6.2749999999999995,,,4.588333333333334,,832.4,33.7
25,1,1982,,,,,,,20.191666666666666,,7.058333333333334,,,4.700833333333333,,799.2,64.5
26,1,1983,,,,,,,20.141666666666666,,6.175000000000001,,,4.554166666666666,,1234.8,168.5
27,1,1984,,,,,,,19.5,,6.083333333333333,,,4.516666666666667,,0.0,
28,1,1985,,,,,,,20.474999999999998,,6.866666666666667,,,4.614166666666667,,0.0,
29,1,1986,,,,,,,20.575,,7.233333333333333,,,4.806666666666667,,727.6,63.9
30,1,1987,,,,,,,20.10833333333333,,6.633333333333333,,,4.493333333333333,,931.0,82.4
31,1,1988,,,,,,,21.241666666666667,,6.258333333333333,,,4.526666666666666,,24.400000000000002,19.1
32,1,1989,,,,,,,20.474999999999998,,6.983333333333333,,,4.551666666666667,,0.0,
33,1,1990,,,,,,,20.791666666666668,,7.216666666666668,,,4.658333333333333,,0.0,
34,1,1991,,,,,,,20.008333333333333,,6.658333333333334,,,4.569999999999999,,0.0,
35,1,1992,,,,,,,20.3,,7.075,,,4.645833333333333,,0.0,
36,1,1993,,,,,,,20.400000000000002,,6.625,,,4.56,,1249.0,139.0
37,1,1994,,,,,,,21.116666666666667,,7.3500000000000005,,,4.430833333333333,,881.7,70.9
38,1,1995,,,,,,,20.816666666666666,,6.883333333333333,,,4.4375,,1200.1,77.0
39,1,1996,,,,,,,21.058333333333334,,6.766666666666667,,,4.5775,,950.2,70.5
40,1,1997,,,,,,,19.575,,6.95,,,4.498333333333334,,1153.6,145.1
41,1,1998,,,,,,,19.98333333333333,,6.716666666666666,,,4.414166666666667,,1216.6,63.0
42,1,1999,,,,,,,19.583333333333332,,6.766666666666667,,,4.459166666666667,,1729.9,178.3
43,1,2000,,,,,,,19.816666666666666,,6.7250000000000005,,,4.5408333333333335,,1200.7,60.2
44,1,2001,,,,,,,19.76666666666667,,6.841666666666666,,,4.6075,,1201.0,65.0
45,1,2002,,,,,,,20.3,,6.766666666666667,,,4.535,,1082.4,85.0
46,1,2003,,,,,,,20.691666666666666,,6.916666666666667,,,4.734166666666667,,820.0,62.5
47,1,2004,,,,,,,20.241666666666667,,6.591666666666666,,,4.756666666666667,,945.5,75.5
48,1,2005,,,,,,,20.425,,6.8500000000000005,,,4.615833333333334,,922.0,74.5
49,1,2006,,,,,,,20.541666666666668,,7.008333333333334,,,4.6075,,1214.0,97.0
50,1,2007,,,,,,,20.058333333333334,,5.758333333333333,,,4.403333333333333,,901.5,55.5
51,1,2008,,,,,,,21.675,,6.866666666666667,,,4.46,,836.0,63.0
52,1,2009,,,,,,,21.033333333333335,,6.616666666666667,,,4.625,,1076.5,85.5
53,1,2010,,,,,,,20.658333333333335,,6.408333333333334,,,4.524166666666667,,1014.7,72.5
54,1,2011,,,,,,,21.65833333333333,,7.558333333333334,,,4.638333333333333,,840.5,95.0
55,1,2012,,,,,,,20.866666666666667,,6.716666666666668,,,4.670833333333333,,1078.5,91.0
56,1,2013,,,,,,,20.733333333333334,,6.7,,,4.641666666666667,,1253.2,142.0
57,1,2014,,,,,,,21.583333333333332,,7.608333333333333,,,4.756666666666667,,1171.1,52.5
58,1,2015,,,,,,,20.308333333333334,,6.558333333333334,,,4.516666666666667,,1336.0,109.0
59,1,2016,,,,,,,20.525000000000002,,6.75,,,4.683333333333334,,887.5,70.0
60,1,2017,,,,,,,21.275,,7.266666666666667,,,4.564166666666666,,917.0,52.0
61,1,2018,,,,,,,20.400000000000002,,6.383333333333333,,,4.533333333333333,,351.5,94.0
62,87349,1960,6.883443708609272,76.2751677852349,4.08,973.8125827814571,,14.844,23.974999999999998,19.762913907284766,14.029333333333334,,,1.6726666666666667,,462.1,48.4
63,87349,1961,7.365479452054795,67.26589595375722,3.7254335260115607,975.0142028985508,,10.680346820809248,25.372755417956654,17.725144508670517,11.078904109589041,,,1.9664739884393063,,679.3,76.5
64,87349,1962,7.685277777777777,62.58456973293769,3.6371681415929205,976.1032352941176,,10.048529411764706,24.985205479452055,18.398235294117647,11.033150684931506,6.666666666666667,65.0,1.8708823529411764,,570.8,52.3
65,87349,1963,6.499442896935934,67.11878453038673,4.59228650137741,974.9410468319559,,10.842148760330579,23.928415300546447,18.049035812672177,11.523224043715848,5.714285714285714,47.92857142857143,1.8132231404958679,,643.0,52.3
66,87349,1964,7.820936639118457,61.666666666666664,3.441095890410959,975.1619178082191,,9.054945054945055,24.242191780821916,17.63013698630137,9.805479452054794,21.229508196721312,3.0196721311475407,1.7252054794520548,,801.2,110.0
67,87349,1965,7.33890410958904,67.08516483516483,4.123626373626373,974.417808219178,,11.023835616438356,24.243681318681322,18.28219178082192,11.359178082191782,19.236914600550964,3.366115702479339,1.9684931506849315,,834.7,63.2
68,87349,1966,7.629201101928375,61.23561643835617,3.96986301369863,974.8021917808219,,9.75917808219178,24.847252747252746,18.61260273972603,11.086225895316804,18.638356164383563,3.5693150684931507,2.1087671232876715,,628.1,52.0
69,87349,1967,7.777094972067038,58.87978142076503,3.9453551912568305,975.7808743169398,,8.352459016393443,24.254644808743173,17.93005464480874,10.129234972677596,15.398907103825136,4.107377049180328,2.396994535519126,,616.3,39.5
70,87349,1968,7.408146067415731,65.35890410958905,4.260273972602739,975.1334246575343,,11.278630136986301,22.950545454545452,19.016712328767124,12.31123287671233,15.621917808219179,4.315890410958904,2.5241095890410956,,805.7,74.7
71,87349,1969,7.744036697247707,58.172602739726024,4.1945205479452055,975.0164383561644,,9.202465753424658,25.22082191780822,18.959999999999997,11.687397260273972,17.912328767123288,4.1386301369863014,2.4295890410958902,,639.0,56.4
72,87349,1970,7.9235099337748345,56.608219178082194,3.936986301369863,974.9561643835616,,7.7065753424657535,24.009315068493148,17.950410958904108,10.395890410958904,20.55890410958904,4.22931506849315,2.284657534246575,,622.0,56.4
73,87349,1971,7.710958904109589,55.89890710382514,3.9508196721311477,974.2568306010929,,8.729234972677595,25.706830601092896,19.432513661202186,11.47568306010929,19.06830601092896,3.8327868852459015,2.151639344262295,,445.5,36.4
74,87349,1972,7.106593406593407,67.01369863013699,4.682191780821918,974.4528767123287,,10.716164383561644,23.216438356164385,17.872054794520547,11.122739726027397,17.454794520547946,3.8347945205479452,2.1531506849315067,,1113.1,77.0
75,87349,1973,7.882417582417582,64.14246575342466,3.9534246575342467,975.4958904109589,,9.989863013698631,23.564657534246578,17.905479452054795,10.82027397260274,18.495890410958904,4.511780821917808,2.5945205479452054,,590.6,83.6
76,87349,1974,7.653591160220994,63.293150684931504,3.882191780821918,975.026301369863,,9.612602739726027,23.65945205479452,17.956986301369863,10.884383561643837,20.575342465753426,4.519726027397261,2.66027397260274,,789.5,124.5
77,87349,1975,8.08839590443686,62.00819672131148,3.622950819672131,975.2095628415301,1013.4151315789474,9.363387978142077,23.7844262295082,17.963387978142077,10.388524590163934,19.685792349726775,4.0688524590163935,2.33551912568306,,620.1,47.1
78,87349,1976,7.822903225806451,64.13972602739726,4.13972602739726,974.9476712328768,1013.9931506849315,10.014520547945207,23.580547945205478,17.894794520547947,10.927123287671233,21.172602739726027,4.307397260273973,2.244931506849315,,1038.9,110.2
79,87349,1977,7.740952380952381,66.69041095890411,4.043835616438356,975.0446575342465,1013.9928767123288,11.333424657534247,24.151780821917807,18.611780821917808,11.724109589041097,21.356164383561644,4.554794520547945,2.271780821917808,,1263.7,89.0
80,87349,1978,7.604931506849316,67.47945205479452,4.3780821917808215,975.6090410958903,1014.6619178082191,10.89972602739726,23.462739726027397,17.90027397260274,11.098356164383562,20.34794520547945,4.713972602739727,2.270684931506849,,1067.1,87.0
81,87349,1979,7.0471875,67.17213114754098,4.4890710382513666,974.8065573770492,1013.7267759562842,11.525409836065574,24.160109289617488,18.67896174863388,12.000819672131149,21.415300546448087,4.742076502732241,2.423013698630137,,972.4,45.5
82,87349,1980,7.245753424657534,65.41917808219178,4.156164383561644,975.3326027397261,1014.3597260273972,10.561643835616438,23.818956043956046,18.216438356164385,11.355342465753424,22.46301369863014,4.997808219178082,2.5391780821917806,,1160.9,92.7
83,87349,1981,7.86054794520548,65.62087912087912,3.9615384615384617,975.8684065934066,1014.9219780219779,10.652747252747252,23.970604395604393,18.05054945054945,10.886849315068492,23.34794520547945,4.658904109589041,2.2326923076923078,,686.2,49.1
84,87349,1982,6.5758241758241756,66.06301369863014,4.841095890410959,974.226301369863,1013.1931506849315,10.852054794520548,23.7413698630137,18.32109589041096,11.913698630136986,24.54794520547945,5.126849315068493,2.452054794520548,,901.5,77.8
85,87349,1983,7.152717391304347,64.72677595628416,3.9153005464480874,975.0767759562841,1014.2956284153006,10.34016393442623,24.03169398907104,18.06393442622951,11.091530054644808,24.60928961748634,4.451639344262295,2.2224043715846995,,826.6,80.0
86,87349,1984,7.3101492537313435,65.07397260273973,4.041551246537396,975.085205479452,1014.2942465753425,10.056438356164383,23.56794520547945,17.595890410958905,10.933424657534246,25.52054794520548,3.600821917808219,1.8136986301369864,,767.7,62.9
87,87349,1985,7.088268156424581,66.88219178082191,3.824657534246575,975.1243835616439,1014.2709589041096,11.364383561643836,24.374175824175826,18.504383561643838,11.825274725274724,24.663013698630138,3.9038356164383563,2.010958904109589,,787.1,62.0
88,87349,1986,6.945027624309392,66.37637362637362,4.071232876712329,975.2903846153846,1014.4458791208791,11.26510989010989,24.145479452054797,18.517582417582418,11.70027397260274,25.246575342465754,3.7509589041095888,1.9934246575342467,,985.9,93.3
89,87349,1987,6.984122562674095,62.505464480874316,3.8278688524590163,975.3628415300547,1014.568306010929,9.864207650273224,23.89178082191781,18.162295081967212,11.745628415300546,24.73497267759563,3.7942622950819676,1.8868852459016394,,577.5,46.5
90,87349,1988,8.215193370165746,56.05769230769231,2.8219178082191783,975.6654794520549,1014.8860273972604,8.410989010989011,25.216986301369865,18.851373626373626,11.392561983471074,25.34246575342466,4.285753424657534,2.0915068493150684,,675.5,107.0
91,87349,1989,7.20391061452514,64.34794520547945,3.756164383561644,975.3150684931506,1014.5304109589041,10.433424657534246,23.976164383561642,18.33945205479452,11.932506887052341,22.994520547945207,4.502465753424658,2.325205479452055,,823.8,112.0
92,87349,1990,7.363532763532763,68.54794520547945,3.695890410958904,975.6654794520549,1014.765205479452,11.072602739726028,24.22876712328767,17.839178082191783,12.24532967032967,21.317808219178083,4.657260273972603,2.2673972602739725,,939.5,150.9
93,87349,1991,6.594034090909091,73.12021857923497,3.778688524590164,974.9849726775956,1014.1513661202187,11.05136612021858,23.1724043715847,16.62185792349727,11.558743169398907,18.275956284153004,4.892349726775956,2.2855191256830603,,804.1,118.0
94,87349,1992,6.790201729106628,72.5041095890411,3.7726027397260276,975.5065753424658,1014.6756232686981,10.972328767123289,23.12684931506849,16.692876712328765,11.566575342465754,19.517808219178082,7.46027397260274,3.020821917808219,,1124.5,89.7
95,87349,1993,6.95192878338279,69.27123287671233,3.643835616438356,975.5574850299402,1014.7415977961433,9.998082191780822,23.208219178082192,16.543835616438358,11.172602739726027,19.953424657534246,7.515890410958905,3.1731506849315068,,630.8,91.6
96,87349,1994,7.594879518072289,66.67397260273972,3.9863013698630136,976.1419354838711,1014.2564383561643,10.308767123287671,24.47917808219178,17.56904109589041,11.886027397260273,19.21095890410959,7.872328767123288,2.9232876712328766,,651.5,63.5
97,87349,1995,7.584426229508197,63.52459016393443,3.4344262295081966,975.25,1014.3601092896174,8.965573770491803,24.353825136612024,17.331693989071038,11.570765027322404,19.64207650273224,7.910928961748634,2.607650273224044,,709.7,79.0
98,87349,1996,7.83013698630137,63.553424657534244,3.1397260273972605,975.7487671232876,1014.8430136986302,9.476986301369863,24.957808219178084,17.65945205479452,11.776164383561644,17.30958904109589,8.39917808219178,2.8372602739726025,,605.9,48.0
99,87349,1997,6.501098901098901,72.56986301369864,4.254794520547946,974.7375342465754,1013.8819178082192,11.072876712328767,23.128493150684932,16.91260273972603,11.766849315068493,16.47945205479452,7.6808219178082195,2.9186301369863012,,1110.0,98.4
100,87349,1998,7.2,70.8986301369863,3.5863013698630137,976.3531506849316,1015.5498630136987,10.725753424657535,23.6158904109589,16.95150684931507,10.903561643835618,16.92054794520548,5.724109589041096,2.0791780821917807,,766.8,80.8
101,87349,1999,6.893715846994535,72.27049180327869,3.773224043715847,976.1136612021858,1015.3393442622951,10.793715846994536,23.043442622950817,16.693715846994536,11.081147540983606,21.75136612021858,5.688524590163935,2.34344262295082,,998.3,111.5
102,87349,2000,7.299452054794521,73.25753424657535,3.6082191780821917,974.9989041095889,1014.1750684931508,11.204931506849315,23.372602739726027,16.78109589041096,11.56958904109589,22.986301369863014,7.234246575342466,2.99013698630137,,999.0,63.0
103,87349,2001,6.736986301369863,73.76438356164384,4.052054794520548,975.2180821917808,1014.3591780821918,11.597260273972603,23.32191780821918,17.014794520547945,12.21041095890411,22.602739726027398,6.2715068493150685,2.641369863013699,,833.2,78.0
104,87349,2002,7.330684931506849,71.03287671232877,3.835616438356164,975.0613698630137,1014.1813698630137,10.968767123287671,23.885205479452054,17.15013698630137,11.87945205479452,20.493150684931507,6.708219178082191,2.6536986301369865,,807.1,65.0
105,87349,2003,7.536065573770491,66.09562841530055,3.6475409836065573,976.1084699453552,1015.260655737705,9.627868852459017,24.20191256830601,17.2120218579235,11.70928961748634,20.729508196721312,7.271584699453552,2.8218579234972676,,649.4,87.0
106,87349,2004,7.743287671232877,67.9013698630137,3.7013698630136984,975.489315068493,1014.6257534246575,10.052876712328768,24.05780821917808,17.025479452054796,11.497808219178081,20.293150684931508,6.543287671232878,2.8221917808219175,,918.5,100.0
107,87349,2005,7.34986301369863,69.33972602739726,3.7205479452054795,975.9673972602739,1015.1564383561644,10.357808219178082,23.60027397260274,16.90684931506849,11.548493150684932,22.95068493150685,5.82904109589041,2.3808219178082193,,762.6,71.0
108,87349,2006,7.059065934065934,69.83013698630137,3.621917808219178,974.9813698630137,1014.071506849315,10.753150684931507,23.903013698630136,17.284931506849315,12.03178082191781,24.186301369863013,4.929315068493151,1.7095890410958905,,936.8000000000001,101.0
109,87349,2007,7.855769230769231,66.10655737704919,3.0437158469945356,975.5161202185793,1014.7262295081966,9.148633879781421,24.06229508196721,16.65983606557377,10.886338797814208,22.762295081967213,4.717213114754099,1.716120218579235,,586.0,45.0
110,87349,2008,8.114794520547946,63.05205479452055,2.841095890410959,975.886301369863,1015.0994520547945,9.601917808219177,25.54301369863014,17.91260273972603,11.921095890410959,22.101369863013698,4.8780821917808215,1.6027397260273972,,494.4,50.0
111,87349,2009,7.796438356164383,62.863013698630134,3.5013698630136987,975.0805479452056,1014.4049315068493,8.95917808219178,25.68805031446541,17.49205479452055,11.660547945205481,20.926027397260274,4.8613698630136986,1.7413698630136987,,458.3,53.0
112,87349,2010,7.995068493150685,64.30684931506849,3.1671232876712327,975.847397260274,1015.2841095890411,8.878082191780821,24.42684931506849,16.932328767123288,11.036438356164384,21.345205479452055,5.511780821917808,1.8942465753424658,,622.3,64.0
113,87349,2011,7.865846994535519,65.05191256830601,3.33879781420765,975.360655737705,1014.6844262295082,9.698360655737705,25.20300546448087,17.57896174863388,11.639344262295081,23.185792349726775,5.874590163934426,2.3172131147540984,,640.8,51.0
114,87349,2012,8.016164383561645,65.26575342465753,3.2958904109589042,975.6358904109588,1015.0161643835617,9.725205479452054,24.655342465753428,17.386575342465754,11.165205479452055,21.043835616438358,10.862739726027398,3.2405479452054795,,808.5,88.0
115,87349,2013,7.629281767955802,65.24383561643836,3.5561643835616437,975.710410958904,1015.0830136986301,9.633698630136987,24.510410958904107,17.504109589041096,11.264383561643836,22.208219178082192,12.749589041095891,3.4424657534246577,,803.9,85.0
116,87349,2014,7.5309192200557105,69.76712328767124,3.5643835616438357,975.3249315068492,1014.5805479452056,11.667945205479452,25.127397260273973,18.255342465753426,12.151232876712328,23.925619834710744,12.860330578512396,3.373972602739726,,905.8,73.0
117,87349,2015,6.511764705882353,72.03305785123968,4.606060606060606,975.1625344352617,1014.5250688705233,11.516528925619834,23.901923076923076,17.415702479338844,11.845303867403315,22.088122605363985,9.780459770114943,2.643801652892562,,709.1,72.0
118,87349,2016,7.604761904761905,71.1945205479452,3.5643835616438357,975.0915068493151,1014.4706849315069,11.15041095890411,23.999452054794517,17.27205479452055,11.264931506849315,25.88372093023256,5.841860465116279,2.124931506849315,,672.4,58.0
119,87349,2017,7.537087912087912,67.24657534246575,3.627397260273973,973.3657534246576,1012.5542465753424,10.926575342465753,25.358082191780824,18.160273972602738,11.972054794520549,21.20769230769231,10.107692307692307,2.5652054794520547,,633.1,65.0
120,87349,2018,7.347945205479452,70.97808219178083,3.76986301369863,975.4446575342465,1014.8561643835617,10.998904109589041,23.827671232876714,17.17095890410959,11.61753424657534,20.16991643454039,10.084401114206129,2.6641095890410957,,733.6,60.0
121,87349,2019,7.819004524886878,64.00450450450451,3.3603603603603602,976.5283783783783,1016.0878378378378,8.517117117117117,23.685135135135138,16.467567567567567,10.2490990990991,19.509174311926607,10.615596330275231,2.863963963963964,,281.8,58.0
122,87453,1960,7.575333333333333,71.8639455782313,3.272108843537415,964.0659863945579,,12.839455782312927,23.383333333333336,18.733333333333334,9.433333333333334,,,3.737414965986394,,433.0,53.9
123,87453,1961,7.4305785123966945,66.8603896103896,3.361290322580645,965.7945161290322,,8.583766233766234,24.464227642276423,15.61590909090909,11.720394736842104,,,3.838709677419355,,951.5,64.3
124,87453,1962,7.480110497237569,65.3232044198895,3.287292817679558,966.6718232044199,,8.82624309392265,23.192200557103064,16.288950276243096,10.68005540166205,,,4.013812154696133,,768.2,57.8
125,87453,1963,6.041274238227147,68.7877094972067,4.5474860335195535,966.1486033519553,,6.154748603351956,22.3275,12.829608938547485,11.025761772853187,,,4.146368715083799,,828.3,58.0
126,87453,1964,7.251515151515152,64.0625,3.0384615384615383,965.498076923077,,7.985576923076923,22.666027397260276,15.694230769230769,9.935164835164835,16.24590163934426,6.701639344262295,3.326923076923077,,824.2,47.6
127,87453,1965,6.662952646239554,65.67127071823204,3.68232044198895,964.8082872928176,,8.485911602209946,23.182596685082874,16.259668508287294,10.834254143646408,14.12707182320442,6.9201657458563535,3.8080110497237567,,819.3,74.8
128,87453,1966,7.001488095238095,62.64010989010989,3.35989010989011,965.1230769230768,1012.3562913907284,8.07554945054945,23.345054945054947,16.43901098901099,10.983791208791208,13.826923076923077,8.925824175824175,3.8626373626373627,,792.2,65.8
129,87453,1967,7.693093922651934,60.06611570247934,3.1734104046242773,966.3303468208093,1015.5907936507936,6.872176308539944,22.948907103825135,16.094520547945205,10.172131147540984,17.867768595041323,10.671900826446281,3.4771676300578034,,894.7,57.0
130,87453,1968,7.082191780821918,65.5934065934066,3.6904109589041094,965.2277472527473,1013.5133333333333,10.251373626373626,23.802472527472528,18.00879120879121,12.009589041095891,15.435393258426966,14.077808988764044,3.6452054794520548,,821.4,75.0
131,87453,1969,6.685479452054794,63.104109589041094,3.4986301369863013,965.152602739726,1013.7013698630137,8.55945205479452,24.65171339563863,16.835068493150686,11.205205479452054,16.186301369863013,10.206301369863015,3.4717808219178083,,786.2,87.9
132,87453,1970,7.414285714285715,53.73424657534247,2.978082191780822,965.2619178082191,1013.8443835616439,5.338904109589041,23.343013698630138,16.38191780821918,9.92986301369863,19.997260273972604,9.105753424657536,4.356986301369863,,564.3,64.0
133,87453,1971,7.433606557377049,56.631147540983605,3.0655737704918034,964.0754098360655,1012.4896174863388,6.818852459016393,24.462841530054643,17.274043715846997,11.42568306010929,18.295081967213115,10.431420765027323,4.672950819672131,,634.7,58.2
134,87453,1972,6.485029940119761,67.71780821917808,4.038356164383561,963.7438356164383,1012.3241095890411,9.180821917808219,22.172054794520548,16.080547945205478,11.127397260273973,15.676712328767124,10.398904109589042,5.181369863013699,,1147.8,88.0
135,87453,1973,7.562534435261708,66.4931506849315,3.5178082191780824,964.8134246575343,1013.448493150685,8.957260273972603,22.684931506849313,16.137808219178083,10.604931506849315,16.0986301369863,10.348767123287672,4.912054794520548,,798.6,65.1
136,87453,1974,7.364010989010989,65.77534246575343,3.515068493150685,964.4232876712329,1013.0158904109588,8.585479452054795,22.51150684931507,16.123835616438356,10.784657534246575,17.526027397260275,12.76109589041096,5.724383561643836,,808.0,89.6
137,87453,1975,7.54756446991404,64.06830601092896,3.1147540983606556,964.1437158469945,1012.7584699453552,8.177868852459016,22.960109289617485,16.179234972677598,10.536065573770491,15.60655737704918,12.326502732240437,5.404098360655738,,563.6,45.0
138,87453,1976,6.967671232876712,67.51506849315068,3.802739726027397,963.7720547945205,1012.406301369863,9.009315068493152,22.60054794520548,15.946849315068494,10.555616438356164,16.03835616438356,12.626849315068494,4.574246575342466,,853.3,55.2
139,87453,1977,6.806909090909091,67.3945205479452,3.638356164383562,963.8720547945205,1012.3528767123287,9.74054794520548,23.469041095890415,16.828219178082193,11.379726027397261,14.597260273972603,13.741095890410959,4.141095890410959,,850.4,126.6
140,87453,1978,5.667857142857143,67.33972602739726,3.7945205479452055,964.3898630136986,1012.9624657534247,9.490410958904109,22.512602739726027,16.435068493150684,10.957534246575342,16.912328767123288,11.814794520547947,4.446575342465754,,1100.8,107.5
141,87453,1979,5.540395480225989,69.62295081967213,4.060109289617486,963.586612021858,1012.0860655737705,10.23224043715847,22.853005464480876,16.64590163934426,11.593715846994536,14.39344262295082,8.943989071038251,3.83879781420765,,977.5,97.7
142,87453,1980,4.597839506172839,65.69589041095891,3.7041095890410958,965.2356164383561,1013.8742465753425,8.843561643835617,22.87063711911357,16.413698630136988,11.023545706371191,12.504109589041096,9.916712328767124,4.3613698630136986,,992.6,85.0
143,87453,1981,5.516616314199395,68.25479452054795,3.33972602739726,965.9106849315069,1014.5712328767123,9.664657534246576,22.86219178082192,16.34849315068493,11.022465753424656,11.512328767123288,9.275342465753425,4.030958904109589,,722.0,51.2
144,87453,1982,4.499101796407186,68.96438356164384,4.221917808219178,964.0334246575343,1012.6043835616438,9.686849315068493,22.376712328767123,16.376712328767123,11.403287671232876,11.473972602739726,10.369315068493151,4.6808219178082195,,856.8,60.7
145,87453,1983,5.364444444444445,67.33879781420765,3.4098360655737703,965.1540983606558,1013.824043715847,9.168579234972677,22.42431693989071,16.15928961748634,10.954098360655736,12.040983606557377,12.694535519125683,5.681147540983607,,1072.0,122.5
146,87453,1984,5.520689655172413,68.3013698630137,3.8219178082191783,964.6438356164383,1013.3350684931506,9.109041095890412,21.872328767123285,15.8,10.699452054794522,11.860273972602739,11.393698630136985,4.886027397260274,,764.2,50.0
147,87453,1985,6.828440366972477,72.9972602739726,3.6082191780821917,964.8331506849314,1013.414794520548,10.933150684931507,22.88602739726027,16.546301369863013,11.418082191780822,10.93972602739726,9.461643835616439,4.485753424657534,,806.2,46.3
148,87453,1986,5.603361344537815,71.3543956043956,4.074175824175824,965.0403846153846,1013.6071428571429,10.687087912087911,22.975342465753425,16.714010989010987,11.58021978021978,13.986301369863014,11.03972602739726,4.551923076923077,,883.2,79.3
149,87453,1987,4.882142857142857,68.62295081967213,3.814207650273224,964.9295081967214,1013.5663934426229,9.523497267759563,25.620258620689654,16.17950819672131,10.897808219178081,13.96448087431694,10.018579234972679,4.341803278688524,,1042.4,126.0
150,87453,1988,4.3,61.172602739726024,2.819178082191781,965.1082191780822,1013.6972602739726,8.174794520547946,24.91081081081081,16.84931506849315,10.636813186813187,18.095890410958905,10.997808219178083,4.426849315068493,,605.2,103.0
151,87453,1989,6.711453744493392,66.72602739726027,3.7260273972602738,964.6923287671233,1013.255890410959,9.546849315068492,23.055890410958902,16.754794520547946,11.510714285714284,22.454794520547946,11.715068493150685,4.736164383561644,,812.2,71.5
152,87453,1990,6.755246913580247,69.28021978021978,3.558904109589041,964.9123287671233,1013.4797260273972,10.252197802197802,22.724109589041095,16.718082191780823,11.686849315068493,15.621917808219179,10.087123287671233,4.819726027397261,,976.9,76.8
153,87453,1991,6.0335329341317365,72.10109289617486,3.751366120218579,964.3524590163935,1013.1087431693988,9.827322404371586,21.560928961748633,15.552459016393442,10.724043715846994,16.42622950819672,10.251912568306011,4.057377049180328,,853.5,83.4
154,87453,1992,5.5,71.05988023952096,3.6526946107784433,965.2880239520958,1014.1353293413174,9.070059880239521,21.264670658682633,15.084131736526947,10.200000000000001,15.116766467065869,13.554491017964072,6.060479041916167,,770.3,70.0
155,87453,1993,6.188356164383562,68.66027397260274,3.6465753424657534,965.2260479041917,1013.9487671232877,9.146153846153846,22.15287671232877,15.755890410958903,10.575068493150685,18.28767123287671,12.977260273972602,5.554794520547945,,871.4,109.5
156,87453,1994,5.825690607734807,66.79452054794521,3.73972602739726,965.8918032786886,1013.4035616438356,9.292054794520547,22.732142857142858,16.345205479452055,11.289226519337015,14.742465753424657,10.975616438356164,4.3,,961.8,140.5
157,87453,1995,6.331404958677687,62.89890710382514,3.3852459016393444,964.7442622950821,1013.329781420765,8.107103825136612,23.064480874316942,16.389890710382513,11.09863387978142,18.693989071038253,10.076229508196722,4.343715846994535,,782.1,89.5
158,87453,1996,6.776986301369862,61.46027397260274,3.33972602739726,965.1632596685082,1013.7116022099447,8.393972602739726,23.686301369863013,17.03150684931507,11.557534246575342,19.687671232876713,10.63041095890411,4.3553424657534245,,685.7,58.0
159,87453,1997,5.172054794520548,71.42739726027398,4.67945205479452,964.6060273972603,1013.286301369863,10.015890410958905,21.609863013698632,15.941643835616437,11.574520547945205,13.849315068493151,10.754794520547945,4.454246575342466,,1111.9,65.5
160,87453,1998,5.696986301369863,67.25205479452055,3.9753424657534246,966.307397260274,1014.9764383561644,9.436164383561643,22.453150684931504,16.424657534246574,11.647123287671233,18.5972602739726,10.713150684931508,4.394794520547945,,945.1,88.0
161,87453,1999,5.586065573770492,67.8743169398907,3.959016393442623,965.9535519125683,1014.6540983606558,9.32568306010929,21.95191256830601,16.189890710382514,11.43087431693989,20.65846994535519,7.462021857923497,3.6461748633879782,,1133.3,84.0
162,87453,2000,5.865479452054795,67.8,3.8575342465753426,964.801095890411,1013.4635616438356,9.17972602739726,22.340273972602738,16.133424657534245,11.113424657534248,20.367123287671234,8.681095890410958,4.313150684931506,,833.5,143.0
163,87453,2001,5.6339726027397266,69.82739726027397,4.298630136986302,965.0169863013699,1013.6224657534246,9.93041095890411,22.288493150684932,16.351232876712327,11.623013698630135,18.301369863013697,10.867123287671232,5.14958904109589,,730.8,68.0
164,87453,2002,6.416483516483516,66.42465753424658,3.8876712328767122,964.8413698630136,1013.4013698630137,9.158904109589042,23.04794520547945,16.53972602739726,10.956716417910448,13.934246575342465,11.67780821917808,5.336986301369863,,749.8,57.0
165,87453,2003,6.828142076502732,62.822404371584696,3.568306010928962,965.8266483516484,1014.4379120879122,8.162021857923497,23.134972677595627,16.610655737704917,11.07103825136612,15.844262295081966,11.212021857923498,5.2653005464480875,,931.5,74.0
166,87453,2004,7.0063013698630145,66.33972602739726,3.5095890410958903,965.2967123287671,1013.9523287671233,8.917808219178083,22.78767123287671,16.143013698630135,10.316986301369862,18.208219178082192,9.00027397260274,4.510958904109589,,914.4,53.0
167,87453,2005,6.794246575342466,64.13972602739726,3.671232876712329,965.8435616438356,1014.4797260273972,8.502739726027396,23.093972602739726,16.434794520547946,10.747945205479452,20.413698630136988,9.324109589041097,4.464931506849315,,661.6,67.0
168,87453,2006,6.807945205479452,63.9972602739726,3.6246575342465754,964.9824657534245,1013.7810958904109,8.490684931506848,23.15232876712329,16.604383561643836,11.308219178082192,20.53698630136986,9.22,3.644657534246575,,874.2,90.0
169,87453,2007,7.260655737704918,61.96174863387978,2.8360655737704916,965.4483606557376,1014.422131147541,7.491803278688525,23.008196721311474,16.041803278688526,10.415846994535519,18.942622950819672,9.112021857923498,3.0437158469945356,,982.1,104.0
170,87453,2008,7.497808219178082,59.43561643835616,2.8438356164383563,965.5342465753424,1014.2627397260275,8.126575342465753,24.477260273972604,17.45972602739726,11.523287671232877,20.934246575342467,9.797534246575342,3.794246575342466,,660.3,60.0
171,87453,2009,7.203835616438356,61.06575342465754,3.3315068493150686,964.8123287671233,1013.6252054794521,7.796986301369864,23.918630136986298,16.682739726027396,10.881643835616439,21.526027397260275,10.399178082191781,4.14027397260274,,645.8,44.0
172,87453,2010,7.601095890410959,62.23835616438356,2.9945205479452053,965.7435616438357,1014.6964383561644,7.873698630136986,23.24301369863014,16.24876712328767,10.46986301369863,21.75068493150685,10.118356164383563,3.9205479452054797,,865.9,83.0
173,87453,2011,7.1814207650273225,63.89617486338798,3.240437158469945,965.0843835616438,1013.8972602739726,8.829234972677595,23.861475409836064,16.903551912568304,11.255737704918033,19.382513661202186,11.51448087431694,4.840710382513661,,723.8,53.0
174,87453,2012,7.409589041095891,65.9041095890411,3.191780821917808,965.1068493150685,1013.9931506849315,9.1,23.249863013698633,16.423287671232877,10.9213698630137,18.495890410958904,12.01917808219178,5.164931506849316,,853.5,77.0
175,87453,2013,6.871546961325967,63.56986301369863,3.4575342465753423,965.2024657534247,1014.0665753424657,8.354520547945206,23.358356164383558,16.60027397260274,10.780821917808218,21.25,13.129411764705882,4.970684931506849,,958.2,82.0
176,87453,2014,7.031914893617022,65.3013698630137,3.4794520547945207,965.0613698630137,1013.7399999999999,9.943835616438356,24.397534246575344,17.611780821917808,11.892602739726028,24.75593220338983,15.53762711864407,5.314246575342466,,897.3,77.0
177,87453,2015,6.215015015015014,69.57103825136612,4.398907103825136,965.577868852459,1014.5065573770493,9.75327868852459,22.47896174863388,16.314480874316942,11.105737704918033,24.238636363636363,13.719318181818181,4.223497267759563,,897.9,50.0
178,87453,2016,7.231339031339031,66.8082191780822,3.5095890410958903,966.0090410958903,1014.9304109589041,9.170410958904109,23.0033426183844,16.503287671232876,10.887945205479452,21.59360730593607,14.936529680365297,4.856712328767124,,559.0,32.0
179,87453,2017,7.307142857142858,63.1013698630137,3.5424657534246577,965.010684931507,1013.7649315068494,8.765479452054795,24.134520547945208,17.14849315068493,11.212957746478873,20.986225895316803,15.138567493112948,5.16986301369863,,509.0,38.0
180,87453,2018,6.703561643835617,67.2,3.824657534246575,966.0671232876713,1015.0306849315069,9.107397260273972,22.80986301369863,16.281369863013698,10.777808219178082,17.472622478386167,13.52334293948127,5.056438356164383,,1067.9,163.0
181,87453,2019,6.493243243243243,60.108108108108105,3.373873873873874,966.1130630630631,1015.2184684684685,6.327927927927928,22.71666666666667,15.455405405405404,9.66425339366516,18.40740740740741,13.020370370370372,4.975225225225225,,431.3,63.0
182,87466,1967,8.397237569060774,57.67622950819672,,,,11.74344262295082,26.901639344262296,,12.281967213114754,,,3.4653351699049586,,775.2,64.7
183,87466,1968,7.0708791208791215,71.13972602739726,,,,13.265753424657534,24.587671232876712,,11.751232876712328,,,3.2876712329095894,,772.0,41.2
184,87466,1969,7.382739726027396,63.205479452054796,,,,11.056712328767123,25.214246575342468,,11.237260273972604,,,3.2562576312857145,,708.6,76.0
185,87466,1970,7.5862258953168045,62.47397260273973,,,,9.484657534246576,23.51401098901099,,9.740771349862259,,,3.0257936508461536,,963.9,85.0
186,87466,1971,7.673939393939394,64.86338797814207,,,,11.348907103825136,24.981967213114753,,11.032240437158471,,,2.8278688524836064,,646.0,50.5
187,87466,1972,6.821095890410958,73.95342465753424,,,,12.515890410958905,22.65205479452055,,11.293150684931506,,,2.4429223744465753,,1227.0,100.0
188,87466,1973,7.423561643835616,69.85911602209944,,,,11.86049723756906,23.53945205479452,,10.706027397260273,,,3.073971761820442,,731.8,126.0
189,87466,1974,7.475342465753425,69.1972602739726,,,,11.542465753424658,23.71095890410959,,10.62027397260274,,,3.309741248158904,,897.6,117.0
190,87466,1975,7.705753424657534,71.99453551912568,,,,12.031147540983605,23.356284153005465,,10.479508196721312,,,3.1967213114863386,,1036.3,135.0
191,87466,1976,7.476584022038567,71.52876712328766,,,,11.992054794520548,23.25095890410959,,10.73095890410959,,,3.1651445966712326,,1308.2,172.8
192,87466,1977,7.1564738292011025,70.45753424657535,,,,12.470958904109589,23.81150684931507,,11.51972602739726,,,2.663622526676712,,1167.8,120.0
193,87466,1978,7.342424242424243,73.54246575342465,,,,12.826575342465754,23.617808219178084,,10.85945205479452,,,2.4710806697616436,,1108.3,84.5
194,87466,1979,7.003603603603603,73.46994535519126,,,,13.475342465753425,24.412295081967212,,12.11448087431694,,,2.8407710989836064,,860.9,72.0
195,87466,1980,7.387360594795539,71.75342465753425,,,,12.72,23.737260273972602,,11.446301369863013,,,3.323439878241096,,1178.5,91.5
196,87466,1981,7.804513888888888,68.15890410958905,,,,11.86821917808219,23.95917808219178,,11.192876712328767,,,2.930745814320548,,768.6,65.0
197,87466,1982,7.106198347107438,67.2931506849315,,,,11.801369863013699,23.930494505494508,,11.849725274725275,,,2.986301369893151,,763.9,88.5
198,87466,1983,7.328729281767956,69.31868131868131,,,,11.90989010989011,23.651912568306013,,10.996174863387978,,,2.501517911385246,,931.2,147.2
199,87466,1984,6.936438356164384,69.94520547945206,,,,11.794520547945206,23.359726027397258,,11.003287671232876,,,2.4969474969890113,,752.7,86.0
200,87466,1985,6.794812680115275,72.6831955922865,,,,13.003581267217632,23.82958904109589,,11.734159779614325,,,2.8252219161267216,,816.8,65.0
201,87466,1986,6.8855955678670355,68.77260273972603,,,,12.165753424657535,23.96958904109589,,12.118082191780823,,,2.745814307490411,,1006.5,99.0
202,87466,1987,7.061671469740634,69.7568306010929,,,,11.752459016393441,23.339890710382512,,11.153551912568306,,,2.5417425622568306,,887.3,55.9
203,87466,1988,7.056363636363637,64.89196675900277,,,,10.91606648199446,24.491232876712328,,11.23489010989011,,,2.6331178824404433,,577.6,53.0
204,87466,1989,6.80231884057971,69.22465753424657,,,,12.106301369863015,23.9293956043956,,11.662912087912089,,,2.8546423135589043,,895.4,95.0
205,87466,1990,7.071818181818181,71.6054794520548,,,,12.639835164835164,23.515342465753427,,12.141917808219178,,,2.515220700169863,,1349.2,92.5
206,87466,1991,6.649041095890412,72.85792349726776,,,,12.515573770491804,22.816939890710383,,11.879234972677596,,,2.5933515482650273,,975.1,81.5
207,87466,1992,6.92967032967033,72.01917808219179,,,,12.451506849315068,23.06986301369863,,11.860714285714286,,,2.5951293759232876,,1155.4,78.5
208,87466,1993,7.042582417582418,73.20547945205479,,,,12.516712328767124,22.889041095890413,,11.544931506849315,,,2.5418569254136987,,1039.9,101.5
209,87466,1994,7.329589041095891,72.58904109589041,,,,13.005753424657534,23.57123287671233,,12.14767123287671,,,2.506088280038356,,811.5,57.5
210,87466,1995,7.547267759562842,69.53551912568307,,,,12.830327868852459,24.364207650273222,,12.34672131147541,,,2.430935033377049,,752.7,64.0
211,87466,1996,7.832054794520547,68.27945205479452,,,,12.84849315068493,24.950136986301366,,12.204657534246575,,,2.538812785380822,,488.6,44.0
212,87466,1997,6.198076923076923,74.48493150684932,,,,13.244383561643835,22.930958904109588,,12.558082191780821,,,2.634310134282967,,886.3,70.0
213,87466,1998,7.097252747252748,72.81369863013698,,,,12.996164383561645,23.633972602739725,,12.009041095890412,,,2.1894977168767125,,636.9,45.0
214,87466,1999,6.720218579234972,69.98633879781421,,,,12.446448087431692,23.48879781420765,,12.039344262295081,,,2.235883424387978,,852.2,81.5
215,87466,2000,6.217534246575343,71.2958904109589,,,,12.527945205479451,23.201095890410958,,11.987397260273971,,,2.296042617939726,,985.7,94.0
216,87466,2001,6.082548476454294,69.6109589041096,,,,12.694246575342465,23.489589041095893,,12.768219178082191,,,2.3394216133753427,,979.0,140.0
217,87466,2002,6.555068493150685,71.04120879120879,,,,12.702472527472526,24.19120879120879,,11.888736263736265,,,2.252831343724518,,928.1,58.0
218,87466,2003,7.1527322404371585,65.97814207650273,,,,11.521584699453552,24.413661202185793,,11.11775956284153,,,2.268135904476584,,809.9,89.0
219,87466,2004,7.207671232876713,72.61643835616438,,,,12.90082191780822,23.8172602739726,,11.54931506849315,,,2.3036529680136986,,824.9,82.0
220,87466,2005,7.159002770083103,69.73698630136987,,,,12.219452054794521,23.887945205479454,,11.146027397260275,,,2.07077625570137,,840.2,59.0
221,87466,2006,6.960714285714285,71.4876712328767,,,,12.765205479452055,24.224383561643833,,11.321643835616438,,,2.166360575429752,,924.4,100.0
222,87466,2007,7.748633879781421,66.55464480874316,,,,11.241256830601094,24.251092896174864,,10.602459016393443,,,1.699391172019178,,588.6,38.5
223,87466,2008,7.882191780821918,62.19178082191781,,,,11.366301369863013,25.882465753424658,,11.82931506849315,,,0.9848484849283746,,678.4,55.0
224,87466,2009,7.6008219178082195,67.05205479452054,,,,11.656164383561643,24.81753424657534,,11.144505494505495,,,1.0103108649196675,,1134.9,106.0
225,87466,2010,8.003287671232876,66.10684931506849,,,,11.272602739726027,24.406575342465754,,10.535890410958904,,,0.987062404920548,,796.5,80.0
226,87466,2011,7.935519125683061,62.02459016393443,,,,10.965300546448088,25.154098360655738,,11.498907103825138,,,1.017759562863388,,671.5,83.0
227,87466,2012,7.784383561643836,67.24109589041096,,,,11.71178082191781,24.545479452054796,,11.208493150684932,,,1.3766788766840659,,1168.7,116.0
228,87466,2013,7.561676646706586,64.34730538922156,,,,11.327844311377245,25.20059880239521,,11.53502994011976,,,2.2987358616017963,,876.2,116.0
229,87466,2014,7.294927536231884,64.29347826086956,,,,11.79963768115942,26.009880239520957,,12.64550898203593,,,2.442700729927007,,905.2,70.0
230,87466,2015,6.527823691460055,73.26446280991736,,,,13.38953168044077,24.123626373626372,,12.40631868131868,,,2.4008264462809916,,967.7,77.0
231,87466,2016,7.014835164835165,73.53150684931506,,,,13.370958904109589,24.291506849315066,,11.542191780821916,,,2.613972602739726,,892.1,135.0
232,87466,2017,6.853333333333333,70.35812672176309,,,,13.26831955922865,25.491812865497078,,12.180991735537189,,,2.7870165745856355,,792.7,72.0
233,87466,2018,7.005095541401274,70.04113924050633,,,,12.538607594936709,24.573501577287068,,11.505047318611988,,,2.7946031746031745,,680.4,100.0
