omm_id;hydro_year;Date;ETreal_mm;HumedadSuelo_mm;IndicePalmer_porc;RadSolar_Wpm2;helio;hr;hr_max/mes;hr_min/mes;prcp_PMDA;prcp_PTA;pres_est;td;tmax;tmed;tmin;vmax_f;vmed
87466;1967;1967-12-31;701.0;126.0;1.94;283.8;9.76;50.94;78.0;39.0;17.0;66.9;18.98;14.95;39.0;23.55;8.1;3.92;3.59
87466;1967;1968-01-31;806.0;98.0;1.07;278.5;8.87;54.68;74.0;35.0;56.8;132.1;18.87;14.45;36.2;21.85;7.5;4.12;3.19
87466;1967;1968-02-29;775.0;81.0;-1.99;252.6;8.91;54.83;78.0;37.0;26.5;79.5;19.64;14.79;37.2;22.6;8.0;3.59;2.91
87466;1967;1968-03-31;1177.0;79.0;-1.88;206.5;7.22;61.06;75.0;47.0;64.7;134.9;16.75;13.12;37.2;21.1;5.0;3.37;3.68
87466;1967;1968-04-30;74.0;67.0;-2.93;173.4;7.84;54.87;69.0;49.0;0.0;0.0;13.09;7.04;31.1;14.9;-1.3;3.4;3.78
87466;1967;1968-05-31;112.0;59.0;-3.37;130.7;7.8;53.35;71.0;37.0;3.5;4.7;11.28;3.54;30.2;12.1;-6.0;3.1;2.24
87466;1968;1968-06-30;366.0;439.0;-2.03;81.5;2.84;72.6;84.0;56.0;28.7;68.9;10.08;6.4;28.0;14.25;0.5;3.11;2.01
87466;1968;1968-07-31;346.0;181.0;-2.0;102.9;4.49;73.19;89.0;52.0;0.2;0.30000000000000004;10.53;8.63;25.2;11.1;-3.0;3.57;2.46
87466;1968;1968-08-31;435.0;126.0;-1.52;126.0;5.58;77.39;90.0;56.0;16.0;24.0;10.0;9.79;30.2;14.35;-1.5;4.07;3.52
87466;1968;1968-09-30;388.0;98.0;-1.75;189.8;7.59;67.0;91.0;52.0;23.5;30.3;10.62;9.13;33.7;15.6;-2.5;5.16;4.4
87466;1968;1968-10-31;891.0;80.0;-1.51;209.4;5.71;77.0;92.0;57.0;36.0;97.5;12.41;13.01;33.0;18.75;4.5;4.79;4.54
87466;1968;1968-11-30;629.0;68.0;-2.27;256.0;9.68;66.63;86.0;47.0;11.9;41.6;16.71;17.57;36.5;22.15;7.8;4.3;3.69
87466;1968;1968-12-31;1622.0;60.0;-1.41;264.7;8.52;65.55;88.0;48.0;41.2;190.4;17.37;16.48;41.2;24.35;7.5;3.95;3.73
87466;1968;1969-01-31;590.0;53.0;-2.2;282.5;10.66;64.1;87.0;53.0;19.0;57.6;21.04;18.18;40.5;25.75;11.0;3.92;2.15
87466;1968;1969-02-28;995.0;48.0;-2.15;266.5;9.22;66.14;89.0;52.0;19.0;39.2;19.94;17.84;36.5;22.7;8.9;4.22;3.0
87466;1968;1969-03-31;1245.0;97.0;-1.94;219.3;7.57;72.97;91.0;58.0;38.5;147.2;18.31;16.76;36.1;22.05;8.0;3.83;3.27
87466;1968;1969-04-30;858.0;305.0;-1.26;155.2;8.12;72.03;90.0;60.0;21.5;32.0;15.98;13.96;31.7;17.95;4.2;3.57;3.2
87466;1968;1969-05-31;579.0;348.0;0.96;103.3;5.01;78.39;96.0;59.0;15.0;43.0;13.04;11.7;31.2;15.35;-0.5;3.61;3.46
87466;1969;1969-06-30;410.0;302.0;1.57;82.8;5.41;77.23;94.0;63.0;6.0;12.5;9.89;6.88;29.7;13.05;-3.6;4.53;3.13
87466;1969;1969-07-31;223.0;158.0;1.12;108.8;5.58;76.68;95.0;65.0;10.5;12.5;9.79;7.88;32.0;13.75;-4.5;4.44;3.53
87466;1969;1969-08-31;135.0;115.0;0.42;144.6;7.44;64.26;94.0;45.0;4.0;4.0;9.07;3.97;26.9;10.35;-6.2;3.97;3.34
87466;1969;1969-09-30;544.0;91.0;0.06;195.7;7.36;58.03;83.0;36.0;18.0;44.7;11.37;7.68;35.5;17.5;-0.5;4.18;4.19
87466;1969;1969-10-31;444.0;75.0;-1.49;220.3;8.35;50.23;80.0;32.0;17.0;27.2;12.78;7.06;32.2;15.1;-2.0;5.2;4.96
87466;1969;1969-11-30;1450.0;65.0;-0.16;257.1;8.93;58.2;83.0;36.0;64.5;168.5;16.05;12.67;34.7;19.45;4.2;4.78;3.9
87466;1969;1969-12-31;687.0;57.0;-1.25;257.6;9.48;57.58;76.0;42.0;17.0;40.7;18.24;16.64;38.7;25.85;13.0;3.66;2.88
87466;1969;1970-01-31;1405.0;51.0;-0.37;274.6;8.59;59.45;79.0;42.0;44.5;134.6;18.97;16.16;36.7;23.35;10.0;4.23;2.75
87466;1969;1970-02-28;783.0;46.0;-1.09;255.5;9.25;60.64;80.0;40.0;53.8;73.89999999999999;21.35;16.42;39.7;23.6;7.5;4.18;3.03
87466;1969;1970-03-31;1270.0;317.0;-0.43;200.9;7.21;64.03;83.0;49.0;76.0;158.0;17.93;15.41;36.7;22.2;7.7;3.69;2.63
87466;1969;1970-04-30;397.0;165.0;-1.44;153.8;6.26;64.97;81.0;53.0;5.0;10.0;17.55;14.38;34.3;20.65;7.0;3.45;2.53
87466;1969;1970-05-31;343.0;119.0;-1.6;119.2;4.86;67.1;87.0;42.0;14.0;22.0;11.67;7.95;27.7;13.85;0.0;3.38;2.18
87466;1970;1970-06-30;102.0;93.0;-2.05;90.0;5.16;67.57;93.0;38.0;2.5;6.8;9.7;3.9;21.0;8.5;-4.0;3.95;2.36
87466;1970;1970-07-31;177.0;77.0;-2.43;102.5;6.05;64.0;85.0;42.0;26.0;26.0;9.24;3.83;28.7;11.05;-6.6;4.56;4.2
87466;1970;1970-08-31;119.0;66.0;-2.65;137.5;7.17;58.71;85.0;38.0;6.0;9.0;9.25;3.37;30.7;12.65;-5.4;4.37;3.45
87466;1970;1970-09-30;727.0;58.0;-2.23;182.0;7.24;54.77;84.0;34.0;21.0;44.7;11.73;7.57;30.4;14.3;-1.8;4.92;4.73
87466;1970;1970-10-31;1115.0;52.0;-1.59;223.1;7.04;63.03;79.0;46.0;58.0;145.9;12.6;9.24;30.7;16.35;2.0;4.46;2.94
87466;1970;1970-11-30;437.0;47.0;-2.48;271.5;10.25;54.53;76.0;38.0;26.5;68.5;14.94;10.21;31.0;17.0;3.0;5.12;3.64
87466;1970;1970-12-31;1384.0;43.0;-2.13;287.5;9.08;52.87;86.0;35.0;85.0;135.4;17.84;13.04;39.2;21.85;4.5;4.24;3.43
87466;1970;1971-01-31;1608.0;39.0;-1.07;274.4;8.76;65.9;85.0;49.0;41.0;156.2;18.38;16.56;35.2;22.6;10.0;4.35;2.76
87466;1970;1971-02-28;1386.0;221.0;1.67;270.1;8.53;67.21;90.0;55.0;62.5;130.0;18.03;15.33;33.9;20.45;7.0;3.71;2.05
87466;1970;1971-03-31;1195.0;304.0;1.69;215.0;7.73;66.42;87.0;51.0;41.5;110.0;17.34;14.86;32.1;18.55;5.0;3.01;1.78
87466;1970;1971-04-30;713.0;243.0;1.64;163.7;7.25;66.0;82.0;57.0;41.0;64.2;12.47;9.01;31.3;15.8;0.3;3.73;2.62
87466;1970;1971-05-31;395.0;170.0;1.55;126.0;6.86;68.9;90.0;56.0;52.5;67.2;11.29;7.23;29.5;13.0;-3.5;3.38;2.27
87466;1971;1971-06-30;135.0;120.0;0.88;98.9;5.38;66.77;86.0;48.0;6.0;6.5;8.76;1.37;23.0;6.9;-9.2;3.73;2.73
87466;1971;1971-07-31;484.0;96.0;1.09;101.0;6.25;69.94;95.0;50.0;42.0;76.0;10.16;7.03;28.5;12.5;-3.5;3.97;3.09
87466;1971;1971-09-30;545.0;65.0;0.54;194.2;7.0;72.03;90.0;56.0;50.0;59.5;11.85;10.66;27.0;13.5;0.0;4.22;3.18
87466;1971;1971-10-31;559.0;57.0;-0.69;240.3;8.63;61.16;82.0;45.0;44.5;61.099999999999994;13.06;10.63;33.0;16.1;-0.8;4.05;2.69
87466;1971;1971-11-30;597.0;51.0;-1.94;279.0;9.48;53.07;76.0;37.0;14.6;52.4;16.71;13.01;35.7;20.15;4.6;4.22;3.18
87466;1971;1971-12-31;714.0;45.0;-2.85;293.2;10.33;49.23;83.0;34.0;28.5;78.1;19.64;14.27;41.3;23.55;5.8;5.03;4.7
87466;1971;1972-01-31;1047.0;41.0;-2.96;288.8;10.12;57.74;82.0;40.0;50.5;147.5;21.34;16.88;41.2;24.8;8.4;5.02;2.54
87466;1971;1972-02-29;478.0;38.0;-3.64;254.6;8.32;58.86;81.0;43.0;23.0;39.1;21.05;15.3;38.3;24.95;11.6;4.58;2.42
87466;1971;1972-03-31;851.0;35.0;-3.86;209.4;7.14;72.32;94.0;50.0;35.0;79.3;17.24;15.29;36.0;20.15;4.3;4.6;2.5
87466;1971;1972-04-30;427.0;33.0;-4.24;165.4;7.25;76.83;95.0;62.0;9.0;20.3;13.98;13.37;30.9;16.35;1.8;4.37;1.99
87466;1971;1972-05-31;48.0;31.0;-4.87;107.4;4.46;73.0;91.0;53.0;1.0;3.0;12.85;11.69;32.2;16.6;1.0;4.67;2.32
87466;1972;1972-06-30;492.0;187.0;-3.83;80.2;2.96;81.03;94.0;56.0;84.0;102.0;10.26;9.07;22.9;12.25;1.6;3.98;1.78
87466;1972;1972-07-31;253.0;127.0;-3.5;108.8;5.74;75.65;89.0;58.0;13.5;21.2;9.14;5.51;26.7;10.35;-6.0;4.87;2.62
87466;1972;1972-08-31;489.0;98.0;-2.75;123.8;4.8;76.13;93.0;59.0;26.5;45.0;8.97;6.5;27.7;10.6;-6.5;5.69;2.93
87466;1972;1972-09-30;1033.0;492.0;0.42;181.0;7.03;74.43;90.0;57.0;60.0;166.6;10.81;10.24;26.2;12.7;-0.8;5.47;3.0
87466;1972;1972-10-31;1098.0;200.0;2.46;226.5;7.68;69.84;87.0;53.0;63.5;110.1;12.41;11.18;30.9;14.45;-2.0;5.35;3.34
87466;1972;1972-11-30;1232.0;133.0;2.89;262.9;9.14;68.03;88.0;54.0;31.5;103.6;14.38;13.82;30.7;17.6;4.5;4.93;2.69
87466;1972;1972-12-31;956.0;102.0;2.17;280.5;9.72;63.32;86.0;50.0;35.0;88.2;17.36;17.16;36.2;23.4;10.6;3.42;2.29
87466;1972;1973-01-31;1259.0;83.0;2.2;280.2;9.49;70.0;89.0;46.0;55.5;122.8;20.94;18.74;37.0;22.4;7.8;4.08;2.5
87466;1972;1973-02-28;1305.0;392.0;2.92;255.6;7.89;74.86;91.0;62.0;28.5;144.0;19.94;17.74;33.5;20.85;8.2;3.6;1.9
87466;1972;1973-03-31;1173.0;495.0;3.96;202.2;7.37;76.87;91.0;66.0;100.0;243.7;18.31;18.0;31.0;20.2;9.4;3.14;2.05
87466;1972;1973-04-30;725.0;495.0;4.3;139.0;4.86;78.23;94.0;57.0;33.0;62.599999999999994;14.18;13.26;27.0;16.8;6.6;3.32;2.02
87466;1972;1973-05-31;366.0;255.0;3.82;117.3;5.17;79.32;94.0;64.0;15.5;17.2;11.51;9.35;23.0;10.65;-1.7;3.13;2.12
87466;1973;1973-06-30;489.0;495.0;4.72;83.2;4.14;83.17;95.0;65.0;126.0;163.9;9.74;8.87;22.0;10.6;-0.8;3.78;3.21
87466;1973;1973-07-31;354.0;495.0;5.54;103.1;3.79;82.52;96.0;7.0;24.2;59.3;8.87;5.96;18.7;7.35;-4.0;4.01;3.04
87466;1973;1973-08-31;325.0;183.0;5.42;146.6;7.89;67.81;89.0;49.0;0.0;0.0;9.53;5.55;23.5;9.75;-4.0;3.73;2.3
87466;1973;1973-09-30;183.0;126.0;4.27;191.2;8.37;64.67;85.0;52.0;7.0;11.0;10.14;6.65;25.9;10.2;-5.5;4.59;3.94
87466;1973;1973-10-31;1069.0;98.0;4.09;217.0;8.52;71.45;91.0;60.0;55.0;131.7;13.23;12.68;30.7;17.85;5.0;5.04;3.73
87466;1973;1973-11-30;651.0;81.0;3.19;251.8;9.04;64.53;90.0;47.0;27.5;79.8;14.92;12.36;34.7;19.1;3.5;4.15;2.93
87466;1973;1973-12-31;685.0;68.0;2.18;264.5;8.99;65.13;92.0;48.0;16.5;47.2;16.12;15.98;35.7;21.6;7.5;3.14;2.68
87466;1973;1974-01-31;886.0;60.0;1.55;280.2;9.56;62.32;90.0;42.0;16.5;41.0;20.52;18.19;39.0;24.3;9.6;4.08;4.25
87466;1973;1974-02-28;846.0;53.0;1.12;255.6;7.25;67.18;93.0;52.0;15.2;46.9;17.06;16.46;36.7;23.35;10.0;3.6;2.52
87466;1973;1974-03-31;652.0;47.0;-2.5;202.2;8.79;66.32;83.0;52.0;25.0;53.6;17.11;15.5;34.7;18.85;3.0;3.14;2.57
87466;1973;1974-04-30;77.0;43.0;-3.6;139.0;8.4;62.3;75.0;54.0;1.0;1.8;14.87;12.11;33.0;16.75;0.5;3.32;2.56
87466;1973;1974-05-31;575.0;258.0;-2.46;117.3;4.33;80.0;96.0;55.0;37.0;95.6;12.45;11.72;30.2;16.1;2.0;3.13;3.2
87466;1974;1974-06-30;209.0;154.0;-2.35;83.2;6.32;76.3;94.0;60.0;0.5;0.5;9.7;6.05;23.0;9.25;-4.5;3.78;2.45
87466;1974;1974-07-31;546.0;371.0;-1.18;103.1;4.92;80.65;94.0;64.0;48.0;118.6;9.88;8.77;26.0;12.0;-2.0;4.01;2.61
87466;1974;1974-08-31;369.0;175.0;-0.59;146.6;6.92;67.68;89.0;52.0;3.5;9.3;9.35;5.6;29.7;12.1;-5.5;3.73;4.39
87466;1974;1974-09-30;418.0;123.0;-0.77;191.2;7.12;68.13;92.0;52.0;15.0;40.5;9.57;7.11;27.5;10.65;-6.2;4.59;3.56
87466;1974;1974-10-31;556.0;96.0;-1.41;217.0;8.6;63.74;89.0;37.0;13.0;39.2;13.16;10.59;32.0;16.25;0.5;5.04;2.96
87466;1974;1974-11-30;431.0;79.0;-2.45;262.1;10.02;52.07;87.0;34.0;35.7;52.2;15.7;11.53;36.2;19.85;3.5;3.97;3.47
87466;1974;1974-12-31;1302.0;68.0;-2.11;296.6;9.77;60.35;89.0;44.0;57.0;98.7;15.64;14.33;36.7;21.25;5.8;3.3;3.35
87466;1974;1975-01-31;983.0;59.0;-2.26;287.6;9.11;64.32;88.0;47.0;45.0;126.4;18.88;16.95;37.2;23.35;9.5;4.96;3.73
87466;1974;1975-02-28;816.0;52.0;-2.4;259.5;9.21;62.32;82.0;47.0;29.5;55.9;19.15;16.26;39.2;23.55;7.9;3.62;3.75
87466;1974;1975-03-31;1173.0;495.0;-1.31;229.5;6.77;76.06;91.0;62.0;117.0;239.5;17.43;16.12;35.7;21.05;6.4;3.44;3.07
87466;1974;1975-04-30;714.0;249.0;-1.22;178.3;6.73;75.77;88.0;60.0;25.0;40.3;14.28;13.3;29.5;16.35;3.2;3.29;3.19
87466;1974;1975-05-31;623.0;226.0;0.16;108.9;4.4;82.16;93.0;67.0;32.0;76.5;11.86;12.11;28.7;16.05;3.4;3.97;3.21
87466;1975;1975-06-30;475.0;242.0;1.65;93.1;5.58;83.87;95.0;68.0;27.0;47.5;11.11;10.86;25.0;12.5;0.0;3.53;3.13
87466;1975;1975-07-31;138.0;148.0;1.3;108.7;5.63;76.61;94.0;60.0;4.5;4.5;8.96;4.72;21.7;7.35;-7.0;3.03;3.08
87466;1975;1975-08-31;449.0;110.0;1.68;139.0;4.96;78.61;96.0;65.0;23.0;43.6;8.7;6.8;22.0;10.75;-0.5;4.22;3.4
87466;1975;1975-09-30;840.0;88.0;2.14;178.4;7.06;74.23;94.0;59.0;84.1;133.7;10.33;9.61;28.3;14.45;0.6;4.4;3.75
87466;1975;1975-10-31;506.0;74.0;1.27;228.6;9.56;68.58;88.0;57.0;23.5;54.8;12.78;11.26;28.7;14.35;0.0;3.9;3.15
87466;1975;1975-11-30;612.0;64.0;-1.46;288.0;9.66;61.07;92.0;42.0;32.0;89.8;14.19;12.92;35.2;20.6;6.0;4.83;4.0
87466;1975;1975-12-31;429.0;56.0;-2.77;290.6;11.29;51.03;75.0;37.0;14.0;40.0;18.8;15.77;39.7;22.6;5.5;4.0;4.15
87466;1975;1976-01-31;1886.0;209.0;-1.1;290.6;9.07;71.03;91.0;53.0;135.0;347.5;19.18;19.01;37.5;23.85;10.2;3.71;3.29
87466;1975;1976-02-29;1369.0;137.0;1.82;274.2;9.1;74.55;92.0;66.0;30.0;109.2;18.85;18.47;33.0;21.8;10.6;4.09;2.18
87466;1975;1976-03-31;637.0;103.0;0.83;213.0;7.11;73.0;88.0;56.0;15.0;30.5;15.53;14.21;30.9;16.2;1.5;3.72;3.06
87466;1975;1976-04-30;680.0;84.0;-0.48;168.0;7.96;71.33;95.0;54.0;53.0;74.0;13.16;11.04;29.7;15.3;0.9;3.52;2.67
87466;1975;1976-05-31;465.0;73.0;0.16;114.0;5.49;80.26;94.0;63.0;28.5;61.2;11.96;10.01;29.2;14.65;0.1;3.54;2.46
87466;1976;1976-06-30;31.0;63.0;-1.17;79.4;6.5;71.8;90.0;54.0;0.8;0.8;9.52;4.85;28.2;12.35;-3.5;3.84;2.55
87466;1976;1976-07-31;76.0;56.0;-1.67;119.1;5.5;72.9;94.0;53.0;11.0;12.0;9.33;5.37;29.2;10.1;-9.0;3.39;3.48
87466;1976;1976-08-31;633.0;239.0;1.26;131.1;5.58;78.42;97.0;55.0;41.0;83.1;8.97;7.41;25.2;11.35;-2.5;3.61;3.63
87466;1976;1976-09-30;234.0;147.0;0.82;190.7;7.88;66.17;92.0;52.0;4.5;6.0;10.05;7.61;32.2;13.95;-4.3;3.79;3.19
87466;1976;1976-10-31;1008.0;109.0;0.88;243.6;7.7;68.65;92.0;50.0;30.0;97.5;12.87;11.66;32.5;18.75;5.0;3.57;3.89
87466;1976;1976-11-30;1427.0;88.0;1.48;287.3;9.59;68.87;94.0;49.0;70.0;203.0;15.87;14.74;34.7;20.35;6.0;3.89;3.3
87466;1976;1976-12-31;1863.0;321.0;2.49;301.4;8.95;69.32;91.0;51.0;58.5;248.0;17.65;17.15;36.2;22.85;9.5;4.53;3.34
87466;1976;1977-01-31;1413.0;167.0;2.81;288.9;8.88;73.71;91.0;52.0;67.0;161.5;19.56;19.75;37.2;25.15;13.1;3.64;2.29
87466;1976;1977-02-28;1425.0;495.0;4.11;267.3;8.0;71.93;95.0;59.0;172.8;302.8;18.37;17.96;37.2;23.75;10.3;3.2;3.91
87466;1976;1977-03-31;1154.0;366.0;3.73;227.0;7.18;74.9;90.0;59.0;57.0;115.8;17.66;16.93;34.3;18.4;2.5;3.48;2.54
87466;1976;1977-04-30;507.0;175.0;2.86;168.0;7.39;70.47;89.0;58.0;27.0;47.5;14.41;13.15;29.7;16.85;4.0;3.52;2.63
87466;1976;1977-05-31;211.0;123.0;2.14;122.6;6.75;70.97;94.0;56.0;16.5;30.2;11.47;7.66;25.5;11.75;-2.0;2.78;3.28
87466;1977;1977-06-30;308.0;98.0;1.82;98.8;4.72;77.33;97.0;53.0;15.0;21.0;10.36;8.11;26.0;11.25;-3.5;2.6;3.83
87466;1977;1977-07-31;130.0;80.0;1.1;101.8;4.22;75.39;91.0;53.0;8.0;13.5;9.79;6.67;23.0;9.25;-4.5;3.86;2.74
87466;1977;1977-08-31;194.0;69.0;0.71;133.1;6.27;69.32;95.0;49.0;13.0;19.9;9.46;6.26;26.2;12.1;-2.0;4.71;2.28
87466;1977;1977-09-30;411.0;60.0;-1.59;187.7;7.38;67.07;86.0;52.0;23.0;39.0;11.56;9.57;31.7;14.05;-3.6;3.9;3.15
87466;1977;1977-10-31;1397.0;126.0;-0.26;227.3;7.49;70.1;92.0;53.0;72.5;169.0;13.81;13.84;35.7;18.15;0.6;4.25;4.53
87466;1977;1977-11-30;767.0;96.0;-0.75;261.0;9.67;61.07;78.0;46.0;34.5;72.2;15.96;13.6;34.7;20.85;7.0;4.54;3.29
87466;1977;1977-12-31;1726.0;427.0;1.65;273.4;7.44;69.32;89.0;51.0;120.0;272.3;17.48;17.77;35.2;23.1;11.0;3.52;2.72
87466;1977;1978-01-31;1726.0;465.0;3.17;289.8;8.9;73.32;91.0;58.0;54.0;173.6;17.89;18.61;33.2;22.85;12.5;3.5;1.82
87466;1977;1978-02-28;1210.0;250.0;3.34;252.9;9.28;68.89;93.0;56.0;35.2;70.7;18.65;17.05;36.1;23.05;10.0;3.39;1.61
87466;1977;1978-03-31;1192.0;495.0;4.29;214.6;6.07;76.87;94.0;55.0;100.0;298.5;17.39;17.4;33.0;21.75;10.5;3.5;1.88
87466;1977;1978-04-30;527.0;183.0;3.48;159.0;7.72;67.83;87.0;54.0;9.5;17.7;15.09;12.09;29.7;16.95;4.2;3.12;1.97
87466;1977;1978-05-31;106.0;126.0;2.53;117.4;7.09;68.55;80.0;56.0;0.4;0.4;12.95;8.91;29.7;11.95;-5.8;3.19;2.08
87466;1978;1978-06-30;327.0;107.0;2.27;86.1;5.72;73.77;95.0;54.0;25.0;38.4;9.61;5.6;22.2;8.1;-6.0;3.77;2.19
87466;1978;1978-07-31;406.0;88.0;2.19;102.9;3.55;80.03;96.0;65.0;12.0;31.7;10.63;9.23;21.7;10.05;-1.6;3.59;2.77
87466;1978;1978-08-31;45.0;74.0;1.51;139.0;6.64;69.1;87.0;51.0;7.0;8.0;8.51;4.45;27.2;10.6;-6.0;3.4;3.32
87466;1978;1978-09-30;985.0;488.0;3.02;188.4;7.32;70.67;86.0;55.0;68.0;168.6;11.28;10.33;27.7;13.35;-1.0;3.95;3.05
87466;1978;1978-10-31;1146.0;257.0;3.3;231.9;6.67;76.52;90.0;60.0;37.5;106.6;13.34;14.03;31.8;18.35;4.9;5.04;2.23
87466;1978;1978-11-30;1238.0;153.0;3.42;270.3;9.46;68.03;86.0;55.0;56.0;129.5;16.04;15.49;34.7;21.6;8.5;4.44;2.89
87466;1978;1978-12-31;1489.0;113.0;3.47;270.8;9.34;66.77;95.0;48.0;53.0;146.2;18.15;17.41;35.7;23.6;11.5;4.06;2.2
87466;1978;1979-01-31;1062.0;90.0;3.0;296.1;9.03;69.26;86.0;57.0;84.5;160.8;19.76;19.19;37.2;24.55;11.9;3.11;2.39
87466;1978;1979-02-28;1159.0;75.0;2.86;270.0;9.21;72.54;98.0;57.0;47.0;151.6;18.35;18.81;36.3;24.25;12.2;2.81;2.12
87466;1978;1979-03-31;996.0;64.0;2.2;222.4;7.93;75.52;98.0;54.0;46.0;92.7;16.57;16.33;32.2;19.95;7.7;2.87;1.99
87466;1978;1979-04-30;724.0;59.0;1.92;167.7;6.95;80.5;97.0;71.0;20.5;73.3;13.12;12.99;29.2;16.4;3.6;2.45;2.02
87466;1978;1979-05-31;63.0;52.0;1.0;135.0;6.43;79.68;89.0;67.0;0.9;0.9;12.45;10.43;28.2;13.45;-1.3;2.77;2.46
87466;1979;1979-06-30;443.0;479.0;2.08;108.5;5.91;77.47;97.0;65.0;72.0;87.5;9.23;7.29;23.3;7.25;-8.8;2.96;2.7
87466;1979;1979-07-31;417.0;287.0;2.12;104.5;5.47;85.84;97.0;72.0;2.0;2.9;10.35;10.5;31.1;13.9;-3.3;3.84;2.79
87466;1979;1979-08-31;303.0;161.0;1.9;123.0;5.55;83.65;95.0;66.0;2.7;4.800000000000001;10.65;11.73;28.7;13.75;-1.2;3.38;2.4
87466;1979;1979-09-30;696.0;116.0;2.07;188.2;7.07;79.07;97.0;64.0;40.5;117.2;9.76;9.63;30.1;12.8;-4.5;3.97;3.18
87466;1979;1979-10-31;674.0;92.0;1.45;219.6;7.14;72.58;87.0;58.0;24.0;49.9;12.97;13.26;33.2;18.9;4.6;3.77;3.21
87466;1979;1979-11-30;1364.0;475.0;2.82;250.0;7.04;71.87;87.0;51.0;55.2;166.6;14.1;13.79;31.2;19.4;7.6;4.22;3.49
87466;1979;1979-12-31;1457.0;182.0;2.96;271.6;8.21;67.32;87.0;43.0;39.2;82.5;15.83;16.52;35.2;20.7;6.2;3.59;2.67
87466;1979;1980-01-31;315.0;126.0;1.11;310.8;10.23;50.97;89.0;38.0;7.0;17.0;19.46;15.82;40.2;25.35;10.5;2.87;2.73
87466;1979;1980-02-29;992.0;98.0;0.83;285.2;8.61;60.03;94.0;43.0;29.0;76.3;19.54;15.74;37.2;24.45;11.7;3.24;2.54
87466;1979;1980-03-31;1184.0;81.0;-0.61;219.1;7.78;70.48;85.0;59.0;28.5;61.9;20.26;18.87;38.2;25.6;13.0;3.28;2.89
87466;1979;1980-04-30;858.0;495.0;1.28;137.8;4.08;81.4;96.0;61.0;57.0;141.5;14.13;15.69;32.7;18.3;3.9;3.31;2.86
87466;1980;1980-09-30;255.0;99.0;0.09;213.4;8.54;61.87;85.0;47.0;7.5;14.5;10.71;8.06;31.5;13.6;-4.3;4.63;4.57
87466;1980;1980-10-31;961.0;81.0;0.45;212.7;6.83;65.84;91.0;38.0;40.8;109.6;12.69;11.64;33.4;17.3;1.2;3.94;3.42
87466;1980;1980-11-30;1136.0;69.0;0.63;262.6;7.97;69.97;96.0;45.0;28.6;126.7;14.84;14.34;34.2;19.25;4.3;4.44;3.99
87466;1980;1980-12-31;1039.0;60.0;-0.05;286.0;9.6;63.71;82.0;44.0;27.0;103.9;17.38;17.22;35.2;21.3;7.4;3.09;2.65
87466;1980;1981-01-31;1623.0;495.0;2.3;265.3;7.68;73.68;92.0;56.0;52.8;225.5;18.68;18.34;34.2;22.85;11.5;3.51;2.69
87466;1980;1981-02-28;1304.0;285.0;2.68;255.5;8.69;73.43;88.0;34.0;49.8;133.0;19.16;19.19;34.7;22.15;9.6;3.57;2.82
87466;1980;1981-03-31;831.0;160.0;1.85;226.9;8.2;72.13;84.0;61.0;91.5;180.3;18.24;16.54;32.5;21.05;9.6;3.17;3.32
87466;1980;1981-04-30;724.0;495.0;3.12;151.2;5.36;79.5;94.0;67.0;61.8;208.8;14.6;14.53;30.2;17.8;5.4;2.38;2.22
87466;1980;1981-05-31;649.0;425.0;3.58;98.6;3.55;81.81;96.0;69.0;23.5;56.199999999999996;13.34;14.54;31.2;16.8;2.4;3.48;3.03
87466;1981;1981-06-30;221.0;261.0;3.15;101.9;5.97;78.63;93.0;67.0;2.7;3.3000000000000003;9.61;6.09;21.2;8.95;-3.3;2.73;2.55
87466;1981;1981-07-31;361.0;194.0;3.16;112.6;5.17;79.23;91.0;68.0;17.2;30.7;9.51;7.04;23.3;10.1;-3.1;3.7;2.23
87466;1981;1981-08-31;100.0;131.0;2.52;142.8;6.25;72.1;93.0;55.0;3.0;4.0;10.09;8.87;27.0;14.3;1.6;3.91;3.38
87466;1981;1981-09-30;97.0;101.0;1.39;197.2;7.83;62.6;87.0;48.0;2.8;3.4;9.86;7.14;31.7;13.8;-4.1;4.49;3.82
87466;1981;1981-10-31;699.0;82.0;0.53;226.6;9.07;61.26;95.0;40.0;37.0;86.3;12.69;11.02;34.2;17.9;1.6;3.88;3.08
87466;1981;1981-11-30;1466.0;133.0;1.66;240.0;8.49;68.07;96.0;48.0;37.1;131.1;15.05;15.03;33.1;18.95;4.8;3.93;3.22
87466;1981;1981-12-31;924.0;101.0;1.02;303.2;9.42;61.97;85.0;52.0;41.8;117.6;18.22;16.14;36.2;23.3;10.4;3.64;2.95
87466;1981;1982-01-31;967.0;83.0;0.54;309.5;9.65;58.45;85.0;41.0;63.0;85.7;19.27;15.88;38.0;24.6;11.2;3.35;3.37
87466;1981;1982-02-28;1290.0;101.0;1.14;254.9;8.34;68.14;82.0;53.0;65.0;159.3;18.85;16.12;34.7;21.7;8.7;3.23;2.58
87466;1981;1982-03-31;718.0;82.0;-1.12;232.7;8.52;66.77;87.0;53.0;20.0;49.8;16.9;15.65;34.2;18.6;3.0;2.81;2.73
87466;1982;1982-09-30;1033.0;226.0;-0.85;159.0;5.67;72.03;94.0;39.0;32.0;120.0;10.99;11.2;34.9;18.7;2.5;4.85;4.0
87466;1982;1982-10-31;774.0;142.0;-0.96;256.1;9.45;57.58;80.0;36.0;22.0;63.0;13.25;9.83;32.2;16.8;1.4;4.33;3.65
87466;1982;1982-12-31;478.0;86.0;-2.22;284.8;8.98;57.77;91.0;37.0;35.0;51.2;17.29;15.89;38.2;23.8;9.4;3.59;3.17
87466;1982;1983-01-31;1251.0;72.0;-1.8;258.2;8.1;62.45;86.0;43.0;45.0;104.0;19.27;18.15;37.0;26.7;16.4;3.57;2.66
87466;1982;1983-02-28;1150.0;63.0;-1.37;249.4;6.99;68.07;86.0;50.0;20.5;93.7;18.37;16.82;36.2;22.8;9.4;3.53;2.81
87466;1982;1983-03-31;560.0;55.0;-2.23;208.3;7.33;70.35;89.0;57.0;35.5;65.6;18.41;15.48;32.8;18.6;4.4;3.45;2.59
87466;1982;1983-04-30;436.0;49.0;-2.6;160.6;6.17;71.77;91.0;57.0;19.0;42.4;14.57;12.63;32.2;19.3;6.4;2.88;2.29
87466;1982;1983-05-31;478.0;324.0;-1.51;102.3;4.12;78.81;92.0;60.0;88.5;126.5;12.06;10.24;22.7;12.45;2.2;3.12;2.8
87466;1983;1983-06-30;216.0;222.0;-1.36;98.3;5.58;75.87;95.0;62.0;2.4;4.3;8.76;4.64;20.4;9.3;-1.8;2.72;2.38
87466;1983;1983-07-31;169.0;142.0;-1.58;115.7;5.41;70.42;88.0;53.0;3.0;3.5;8.87;3.6;21.2;8.65;-3.9;3.19;2.29
87466;1983;1983-08-31;437.0;106.0;-1.1;127.9;5.64;73.29;90.0;53.0;23.8;43.3;8.88;6.37;26.7;13.0;-0.7;4.12;3.23
87466;1983;1983-09-30;284.0;86.0;-1.47;188.3;8.34;62.7;89.0;46.0;12.0;20.5;9.95;6.56;30.4;13.7;-3.0;4.22;3.3
87466;1983;1983-10-31;1248.0;72.0;-0.99;236.4;9.05;62.84;83.0;49.0;53.2;143.9;14.0;13.4;35.7;17.4;-0.9;4.48;3.23
87466;1983;1983-11-30;923.0;63.0;-1.07;273.1;9.14;63.07;84.0;43.0;22.5;62.8;15.77;14.32;36.9;22.2;7.5;3.57;2.25
87466;1983;1983-12-31;921.0;55.0;-1.5;269.8;9.25;57.03;85.0;37.0;56.7;113.1;19.09;17.3;39.7;26.25;12.8;3.41;2.15
87466;1983;1984-01-31;920.0;49.0;-1.61;257.1;8.72;68.9;89.0;47.0;17.2;29.6;19.86;20.25;37.8;26.35;14.9;3.06;2.26
87466;1983;1984-02-29;1342.0;495.0;3.0;228.9;7.34;74.33;93.0;50.0;147.2;368.09999999999997;19.95;19.4;36.0;23.8;11.6;3.46;1.94
87466;1983;1984-03-31;1161.0;483.0;3.01;205.8;7.15;77.94;90.0;68.0;22.0;96.7;17.36;17.3;33.1;21.4;9.7;3.27;1.68
87466;1983;1984-04-30;586.0;182.0;2.37;173.0;7.29;73.73;93.0;57.0;22.5;41.5;13.16;11.74;29.1;15.3;1.5;3.56;2.32
87466;1983;1984-05-31;173.0;126.0;1.57;115.0;5.07;72.29;95.0;50.0;3.0;3.9;11.47;8.66;26.0;11.25;-3.5;3.63;2.95
87466;1984;1984-06-30;126.0;98.0;1.03;84.7;4.35;77.8;94.0;55.0;4.6;9.1;8.87;4.61;21.0;8.05;-4.9;3.2;2.4
87466;1984;1984-07-31;73.0;81.0;-1.57;107.5;3.79;77.1;93.0;61.0;3.5;3.5;9.14;5.38;21.0;7.7;-5.6;3.78;2.82
87466;1984;1984-08-31;169.0;68.0;-1.63;144.3;7.16;66.58;90.0;50.0;21.0;21.5;8.79;4.48;24.0;10.0;-4.0;3.7;2.28
87466;1984;1984-09-30;886.0;149.0;0.1;153.0;5.26;78.07;95.0;59.0;35.0;102.4;10.71;10.96;26.5;14.7;2.9;4.44;3.1
87466;1984;1984-10-31;897.0;110.0;0.1;214.3;7.83;67.58;89.0;48.0;43.0;101.1;13.62;13.64;33.2;18.4;3.6;4.33;3.21
87466;1984;1984-11-30;1088.0;88.0;0.89;232.9;8.3;68.53;89.0;49.0;20.0;99.5;14.75;14.93;32.3;19.7;7.1;3.78;2.59
87466;1984;1984-12-31;1195.0;74.0;0.96;266.2;8.61;65.87;90.0;48.0;86.0;210.5;15.25;14.96;33.5;20.7;7.9;3.21;2.12
87466;1984;1985-01-31;639.0;64.0;-0.77;283.0;9.43;63.13;85.0;47.0;16.5;29.4;19.3;17.23;35.0;23.5;12.0;3.33;1.98
87466;1984;1985-02-28;552.0;56.0;-1.48;246.8;8.96;65.11;88.0;40.0;33.5;46.6;18.15;17.54;35.5;22.1;8.7;3.02;2.24
87466;1984;1985-03-31;430.0;50.0;-2.65;213.2;7.09;64.45;90.0;43.0;7.0;12.5;18.06;15.04;36.0;20.95;5.9;3.11;2.51
87466;1984;1985-04-30;764.0;47.0;-2.42;165.3;7.01;72.93;96.0;53.0;70.0;114.5;14.08;12.24;32.1;15.25;-1.6;2.98;2.4
87466;1984;1985-05-31;87.0;43.0;-2.97;120.5;5.54;72.29;91.0;55.0;1.0;2.1;12.95;10.94;28.0;14.25;0.5;2.92;2.28
87466;1985;1985-06-30;132.0;39.0;-3.28;92.1;5.19;75.33;92.0;58.0;4.5;4.5;10.26;8.16;29.5;12.05;-5.4;3.03;3.04
87466;1985;1985-07-31;540.0;259.0;-2.03;102.7;5.6;75.68;95.0;59.0;65.0;71.9;9.14;6.77;25.5;9.75;-6.0;4.12;3.22
87466;1985;1985-08-31;556.0;181.0;-0.82;132.9;5.94;81.1;96.0;68.0;26.9;54.8;9.44;9.47;25.0;12.3;-0.4;3.58;2.62
87466;1985;1985-09-30;762.0;130.0;2.18;156.7;6.33;84.67;96.0;72.0;34.0;72.5;10.62;11.86;28.2;13.85;-0.5;4.12;2.76
87466;1985;1985-10-31;1078.0;445.0;2.89;175.4;5.5;73.84;88.0;56.0;23.5;116.6;13.16;12.65;33.1;18.3;3.5;4.12;2.73
87466;1985;1985-11-30;787.0;181.0;2.13;249.4;8.12;63.87;83.0;46.0;9.0;31.2;15.52;16.11;35.0;21.6;8.2;3.72;2.68
87466;1985;1985-12-31;1466.0;126.0;2.28;262.1;8.21;71.1;95.0;43.0;35.0;133.3;17.46;18.44;37.1;25.35;13.6;3.08;2.58
87466;1985;1986-01-31;1763.0;102.0;3.0;281.7;9.49;65.71;94.0;44.0;33.0;135.9;20.36;18.81;40.0;25.3;10.6;3.65;2.86
87466;1985;1986-02-28;614.0;83.0;1.92;288.5;8.4;66.5;91.0;50.0;43.0;76.7;19.38;16.9;35.5;22.75;10.0;3.23;2.39
87466;1985;1986-03-31;755.0;70.0;1.01;220.7;7.81;70.94;93.0;59.0;8.5;30.8;16.86;14.6;31.8;18.3;4.8;3.3;3.05
87466;1985;1986-04-30;819.0;315.0;1.32;149.0;6.28;72.82;97.0;55.0;53.5;64.3;14.97;13.98;30.0;16.3;2.6;3.17;2.82
87466;1985;1986-05-31;379.0;184.0;1.16;117.0;4.35;70.26;93.0;47.0;20.5;24.3;12.45;8.67;30.5;13.85;-2.8;3.14;3.13
87466;1986;1986-06-30;359.0;141.0;0.91;77.8;3.62;79.17;96.0;59.0;19.5;27.0;10.26;8.9;24.5;13.4;2.3;3.29;2.84
87466;1986;1986-07-31;173.0;105.0;-1.15;97.7;5.95;74.68;95.0;61.0;4.5;4.5;10.35;7.55;25.0;12.5;0.0;3.89;3.13
87466;1986;1986-08-31;298.0;85.0;-0.98;112.0;3.65;74.35;94.0;45.0;14.0;18.8;9.56;7.75;28.0;11.9;-4.2;3.65;2.46
87466;1986;1986-09-30;512.0;71.0;-1.02;158.1;6.77;66.13;91.0;45.0;44.5;49.3;10.24;9.13;31.0;15.85;0.7;4.84;3.49
87466;1986;1986-10-31;800.0;62.0;-1.19;220.2;7.42;59.29;85.0;38.0;52.7;67.4;13.33;11.11;33.1;19.0;4.9;4.21;3.43
87466;1986;1986-11-30;1421.0;55.0;0.67;248.7;7.91;63.43;87.0;33.0;99.0;175.5;14.92;13.92;33.8;21.75;9.7;4.72;3.9
87466;1986;1986-12-31;1309.0;49.0;0.7;267.5;8.91;64.26;92.0;46.0;36.5;164.5;18.68;16.98;35.8;24.4;13.0;3.77;2.11
87466;1986;1987-01-31;677.0;44.0;-0.72;273.0;9.91;64.65;82.0;39.0;42.0;62.5;19.76;18.45;37.6;24.8;12.0;2.99;2.0
87466;1986;1987-02-28;1068.0;41.0;-0.41;272.4;9.33;58.75;88.0;42.0;31.5;111.0;21.2;16.44;36.4;21.55;6.7;3.44;3.0
87466;1986;1987-03-31;1137.0;495.0;0.61;201.8;6.49;75.26;98.0;51.0;44.0;151.0;18.47;16.74;35.5;20.3;5.1;3.51;2.38
87466;1986;1987-04-30;670.0;309.0;0.39;163.4;6.92;72.33;87.0;57.0;34.0;65.0;15.11;13.24;30.5;18.25;6.0;2.56;1.98
87466;1986;1987-05-31;483.0;495.0;1.83;123.2;6.13;72.19;97.0;52.0;76.0;110.0;10.49;6.09;24.0;10.7;-2.6;3.47;2.28
87466;1987;1987-06-30;275.0;223.0;1.44;104.9;6.0;64.33;85.0;46.0;0.0;0.0;10.1;4.33;24.6;9.1;-6.4;3.05;2.55
87466;1987;1987-07-31;399.0;176.0;1.64;95.5;4.05;82.03;96.0;50.0;17.0;33.8;10.56;9.05;25.5;10.95;-3.6;3.59;2.76
87466;1987;1987-08-31;233.0;123.0;1.57;134.3;5.96;75.58;92.0;55.0;10.5;14.7;8.95;6.66;26.0;11.85;-2.3;4.11;3.12
87466;1987;1987-09-30;167.0;96.0;0.73;190.4;7.8;60.13;90.0;42.0;2.0;2.6;9.95;6.9;27.4;13.2;-1.0;4.49;3.06
87466;1987;1987-10-31;903.0;79.0;0.55;220.0;7.06;63.23;89.0;44.0;26.5;89.5;13.7;11.58;34.3;19.6;4.9;3.93;2.95
87466;1987;1987-11-30;947.0;67.0;-0.11;256.1;8.71;60.27;88.0;43.0;29.0;56.8;15.4;14.28;37.6;23.1;8.6;3.95;3.19
87466;1987;1987-12-31;1620.0;62.0;0.81;269.4;8.45;62.84;83.0;39.0;45.0;216.0;16.45;14.96;39.8;24.5;9.2;3.74;2.58
87466;1987;1988-01-31;1319.0;55.0;1.15;280.4;9.28;66.13;85.0;51.0;55.9;154.7;18.77;17.82;36.1;22.05;8.0;3.27;1.87
87466;1987;1988-02-29;816.0;49.0;0.71;267.0;8.37;72.1;91.0;59.0;14.0;46.9;19.18;18.09;33.7;22.2;10.7;3.02;2.08
87466;1987;1988-03-31;1122.0;495.0;1.8;189.8;6.28;79.9;96.0;64.0;46.0;225.8;19.9;18.87;34.2;22.35;10.5;2.95;2.37
87466;1987;1988-04-30;587.0;190.0;1.38;176.2;6.61;75.17;90.0;56.0;20.0;29.2;13.96;12.09;28.5;15.4;2.3;3.03;2.18
87466;1987;1988-05-31;124.0;130.0;0.87;127.1;5.95;74.9;91.0;55.0;15.5;17.3;10.78;6.51;23.2;9.2;-4.8;2.48;1.8
87466;1988;1988-06-30;83.0;100.0;-0.56;97.9;5.09;76.4;99.0;50.0;7.0;10.7;9.33;5.52;21.5;8.85;-3.8;2.57;2.33
87466;1988;1988-07-31;341.0;82.0;-0.29;111.7;5.01;74.65;98.0;61.0;20.5;42.3;8.59;4.15;26.5;8.0;-10.5;3.74;3.03
87466;1988;1988-08-31;86.0;69.0;-1.25;155.6;7.15;71.9;91.0;52.0;9.5;12.0;9.44;7.32;32.7;15.15;-2.4;3.83;2.59
87466;1988;1988-09-30;601.0;61.0;-0.98;189.9;7.06;68.47;97.0;44.0;39.0;44.0;10.05;8.2;26.2;13.0;-0.2;4.0;2.46
87466;1988;1988-10-31;422.0;54.0;-1.84;258.4;8.4;61.68;88.0;45.0;22.5;48.7;12.97;10.21;32.0;17.65;3.3;4.45;3.71
87466;1988;1988-11-30;1160.0;92.0;-6.76;609.4000000000001;10.03;49.37;74.0;35.0;27.0;32.0;36.49;12.83;35.6;21.0;6.4;7.99;3.17
87466;1988;1989-03-31;1078.0;239.0;-4.27;214.3;7.17;72.19;91.0;62.0;27.0;87.1;17.99;14.98;30.5;19.0;7.5;2.87;1.78
87466;1988;1989-04-30;679.0;168.0;-3.88;174.0;7.1;70.4;87.0;58.0;53.0;65.0;15.44;13.12;28.0;13.6;-0.8;2.68;1.97
87466;1988;1989-05-31;483.0;128.0;-3.35;130.2;6.52;71.52;90.0;58.0;15.0;33.8;11.77;9.43;28.5;14.45;0.4;3.36;2.38
87466;1989;1989-06-30;358.0;127.0;-2.9;84.5;5.28;82.13;93.0;69.0;28.0;28.4;10.92;9.43;21.5;11.25;1.0;2.69;1.95
87466;1989;1989-07-31;141.0;98.0;-3.04;120.4;6.43;69.87;83.0;47.0;1.5;2.1;9.48;4.47;26.6;9.8;-7.0;3.54;2.4
87466;1989;1989-08-31;225.0;80.0;-2.99;140.1;5.83;67.77;97.0;40.0;13.0;15.8;10.09;7.7;29.5;13.75;-2.0;4.48;4.09
87466;1989;1989-09-30;219.0;68.0;-3.28;191.9;7.32;62.53;94.0;44.0;7.5;14.5;9.93;6.89;29.1;14.05;-1.0;4.39;2.93
87466;1989;1989-10-31;549.0;59.0;-3.65;238.8;7.06;59.35;90.0;38.0;24.0;53.8;12.99;10.42;33.5;17.45;1.4;4.17;3.22
87466;1989;1989-11-30;929.0;53.0;-3.42;259.0;8.1;55.0;90.0;32.0;23.0;87.7;16.62;12.64;33.6;20.0;6.4;3.85;3.25
87466;1989;1989-12-31;1243.0;47.0;-3.05;272.3;9.17;62.39;82.0;35.0;45.0;126.5;19.58;17.84;34.8;23.1;11.4;3.21;2.63
87466;1989;1990-01-31;1186.0;43.0;-2.78;293.2;9.85;54.58;91.0;32.0;57.5;133.5;20.35;16.59;41.0;24.4;7.8;3.37;3.01
87466;1989;1990-02-28;1141.0;271.0;-1.74;199.8;6.22;82.29;95.0;70.0;95.0;226.3;19.24;19.8;32.5;20.95;9.4;2.97;2.6
87466;1989;1990-03-31;1003.0;495.0;-0.73;184.3;5.44;80.19;94.0;59.0;53.5;128.0;17.02;16.75;28.8;16.1;3.4;3.13;2.8
87466;1989;1990-04-30;722.0;495.0;2.01;157.0;5.1;80.53;98.0;66.0;27.5;46.8;14.74;14.27;28.0;14.65;1.3;2.54;2.26
87466;1989;1990-05-31;479.0;445.0;2.4;120.6;5.85;75.42;94.0;56.0;14.5;32.0;11.96;9.05;25.6;12.4;-0.8;3.35;3.05
87466;1990;1990-06-30;217.0;242.0;2.0;110.2;6.25;72.27;95.0;59.0;2.5;2.5;9.82;5.23;22.5;8.35;-5.8;3.09;2.36
87466;1990;1990-07-31;387.0;226.0;2.33;100.9;5.1;79.42;97.0;59.0;33.0;83.5;9.2;6.18;20.0;8.75;-2.5;3.28;2.42
87466;1990;1990-08-31;146.0;143.0;1.85;151.2;7.3;67.42;87.0;54.0;1.0;1.0;10.48;8.76;30.0;13.45;-3.1;4.2;2.72
87466;1990;1990-09-30;262.0;107.0;1.19;190.8;6.48;64.57;94.0;43.0;4.5;14.3;9.95;7.04;30.7;12.85;-5.0;4.41;3.12
87466;1990;1990-10-31;1291.0;368.0;2.07;217.2;6.91;72.32;98.0;49.0;74.0;207.5;14.28;14.23;30.5;17.75;5.0;4.1;2.7
87466;1990;1990-11-30;1692.0;388.0;3.37;282.0;9.9;66.37;87.0;50.0;92.5;170.8;15.98;15.83;33.4;19.2;5.0;3.94;2.82
87466;1990;1991-01-31;1580.0;181.0;4.62;282.6;9.58;68.39;89.0;52.0;46.0;168.5;18.86;17.49;34.8;23.0;11.2;3.74;2.42
87466;1990;1991-02-28;665.0;124.0;3.66;276.0;8.54;71.54;92.0;56.0;14.0;61.5;19.32;17.33;34.8;22.4;10.0;2.96;1.96
87466;1990;1991-03-31;638.0;97.0;2.26;217.9;7.98;72.71;86.0;60.0;33.5;76.5;19.77;17.94;32.5;22.15;11.8;2.89;2.14
87466;1990;1991-04-30;773.0;490.0;2.75;159.0;5.47;76.77;97.0;55.0;83.0;199.1;15.51;13.79;28.0;16.5;5.0;2.76;2.35
87466;1990;1991-05-31;585.0;492.0;3.3;107.2;4.37;79.74;95.0;59.0;35.0;75.0;13.21;12.23;27.3;15.05;2.8;2.97;2.42
87466;1991;1991-06-30;363.0;495.0;4.26;82.1;4.79;83.7;100.0;69.0;32.0;69.5;10.34;8.26;23.0;10.75;-1.5;3.02;2.55
87466;1991;1991-07-31;402.0;428.0;4.49;105.5;4.99;78.48;98.0;60.0;24.0;28.3;9.33;6.28;25.7;11.35;-3.0;3.43;2.73
87466;1991;1991-08-31;615.0;375.0;5.67;123.4;5.27;77.16;97.0;54.0;36.5;66.0;10.02;8.19;28.5;12.25;-4.0;4.01;3.1
87466;1991;1991-09-30;518.0;176.0;5.51;169.3;5.13;74.33;96.0;54.0;19.0;22.8;11.67;10.96;29.0;16.4;3.8;4.41;3.06
87466;1991;1991-10-31;843.0;124.0;4.96;204.6;6.15;70.68;97.0;51.0;26.0;60.0;13.14;11.55;31.6;16.8;2.0;4.55;3.32
87466;1991;1991-11-30;804.0;96.0;4.07;280.5;9.08;63.77;91.0;40.0;63.5;110.6;15.26;13.86;35.3;21.35;7.4;3.65;2.55
87466;1991;1991-12-31;1595.0;495.0;5.84;241.9;6.85;72.39;91.0;56.0;81.5;327.8;17.27;17.87;32.4;22.2;12.0;3.63;2.38
87466;1991;1992-01-31;942.0;183.0;5.17;290.2;9.54;66.74;89.0;50.0;23.5;68.5;18.91;17.85;34.3;22.15;10.0;3.55;2.05
87466;1991;1992-02-29;881.0;126.0;4.32;273.4;8.89;69.48;87.0;55.0;44.0;63.5;19.87;18.01;34.8;23.6;12.4;3.36;2.2
87466;1991;1992-03-31;1180.0;104.0;3.7;214.9;7.95;72.74;84.0;57.0;41.0;73.0;18.84;17.57;33.3;20.55;7.8;3.32;2.41
87466;1991;1992-04-30;680.0;85.0;3.18;172.9;6.25;72.5;91.0;57.0;35.5;76.5;14.26;11.49;27.0;15.4;3.8;2.79;1.95
87466;1991;1992-05-31;248.0;72.0;2.48;123.6;4.98;72.19;95.0;56.0;3.0;8.6;11.86;8.46;23.8;9.9;-4.0;3.21;2.78
87466;1992;1992-06-30;232.0;62.0;1.88;75.6;2.67;80.9;97.0;56.0;4.5;12.4;10.86;9.62;23.0;10.75;-1.5;3.23;2.75
87466;1992;1992-07-31;153.0;55.0;1.31;110.9;5.16;77.84;95.0;67.0;1.5;4.0;7.92;3.39;24.4;8.65;-7.1;3.48;2.62
87466;1992;1992-08-31;422.0;49.0;1.39;149.4;6.83;65.97;92.0;48.0;19.4;42.8;9.51;6.01;26.0;11.25;-3.5;3.96;3.26
87466;1992;1992-09-30;916.0;45.0;1.93;186.8;6.71;72.17;96.0;48.0;71.0;125.5;10.52;9.63;28.1;15.85;3.6;4.52;3.23
87466;1992;1992-10-31;815.0;41.0;1.45;254.5;8.26;61.45;84.0;42.0;17.0;55.1;13.33;11.18;32.5;18.35;4.2;4.24;2.92
87466;1992;1992-11-30;1389.0;43.0;2.13;256.1;7.42;67.2;90.0;42.0;71.0;175.5;14.64;13.23;30.5;15.1;-0.3;4.05;2.74
87466;1992;1992-12-31;1692.0;482.0;3.48;269.5;8.54;70.58;92.0;54.0;59.0;227.5;17.25;17.59;32.0;22.85;13.7;3.61;2.26
87466;1992;1993-01-31;1696.0;385.0;4.58;279.7;8.74;72.06;90.0;59.0;78.5;201.7;19.94;20.05;34.7;23.25;11.8;3.2;2.0
87466;1992;1993-02-28;792.0;177.0;3.85;290.7;9.6;69.89;87.0;59.0;13.0;33.0;18.55;17.29;32.7;22.0;11.3;2.99;1.97
87466;1992;1993-03-31;508.0;124.0;2.2;217.5;7.86;72.65;89.0;61.0;11.5;24.7;20.05;18.2;33.5;22.95;12.4;2.91;1.95
87466;1992;1993-04-30;816.0;495.0;2.76;156.1;5.67;75.87;97.0;58.0;63.5;176.5;15.28;13.95;31.8;19.1;6.4;3.35;2.6
87466;1992;1993-05-31;558.0;495.0;3.83;127.8;5.74;77.71;96.0;58.0;38.0;76.7;12.07;9.64;28.0;13.35;-1.3;3.41;2.8
87466;1993;1993-06-30;326.0;495.0;4.43;97.5;5.35;80.4;96.0;64.0;43.5;80.4;10.0;7.11;21.0;8.4;-4.2;3.03;2.65
87466;1993;1993-07-31;294.0;264.0;4.0;115.7;4.91;73.84;91.0;60.0;3.5;4.2;8.96;3.84;23.0;9.55;-3.9;3.6;2.8
87466;1993;1993-08-31;314.0;155.0;3.85;153.0;6.76;66.16;95.0;46.0;10.0;17.0;9.63;6.14;30.1;12.1;-5.9;3.89;2.9
87466;1993;1993-09-30;316.0;113.0;3.09;178.7;6.27;71.77;95.0;53.0;10.0;18.5;10.13;8.75;29.0;14.7;0.4;3.94;2.93
87466;1993;1993-10-31;1195.0;495.0;3.96;199.1;5.82;84.81;98.0;68.0;101.5;245.3;13.71;15.92;34.0;21.0;8.0;4.48;2.69
87466;1993;1993-11-30;1484.0;446.0;5.0;259.9;8.23;73.9;94.0;61.0;36.0;117.2;15.22;15.9;33.1;21.25;9.4;4.25;2.98
87466;1993;1993-12-31;1783.0;401.0;5.72;298.1;10.74;67.71;83.0;55.0;71.0;175.5;18.16;17.51;34.0;21.95;9.9;3.8;2.8
87466;1993;1994-01-31;935.0;178.0;5.24;268.7;9.34;61.23;80.0;48.0;14.0;25.5;19.97;16.65;35.2;23.15;11.1;3.35;2.15
87466;1993;1994-02-28;739.0;124.0;4.2;278.3;8.43;69.07;84.0;51.0;45.0;81.5;18.96;17.11;31.5;21.0;10.5;2.73;1.77
87466;1993;1994-03-31;892.0;97.0;3.16;237.7;8.0;70.61;90.0;53.0;63.0;86.2;18.6;15.32;32.3;20.05;7.8;3.48;2.26
87466;1993;1994-04-30;790.0;389.0;3.33;156.0;5.54;73.2;91.0;57.0;58.5;120.4;14.69;12.47;31.5;17.45;3.4;3.03;2.22
87466;1993;1994-05-31;560.0;400.0;3.67;111.5;5.2;85.58;97.0;69.0;43.0;68.2;14.12;13.73;27.1;15.85;4.6;2.89;2.29
87466;1994;1994-06-30;337.0;350.0;3.68;89.0;4.37;84.63;97.0;64.0;9.0;25.6;11.61;10.35;22.3;10.45;-1.4;3.12;2.56
87466;1994;1994-07-31;273.0;195.0;3.29;110.9;5.46;82.58;98.0;64.0;2.6;7.2;9.71;7.18;26.0;10.45;-5.1;3.48;2.79
87466;1994;1994-08-31;405.0;131.0;3.2;141.6;6.6;73.1;93.0;56.0;17.5;26.5;9.9;7.44;24.5;11.8;-0.9;3.99;3.22
87466;1994;1994-09-30;161.0;101.0;2.11;195.9;7.02;64.2;88.0;45.0;5.0;7.5;11.94;9.23;35.0;18.3;1.6;4.55;3.3
87466;1994;1994-10-31;1180.0;101.0;2.45;210.0;5.98;72.81;95.0;52.0;30.0;131.5;13.08;12.77;29.3;18.1;6.9;3.77;2.65
87466;1994;1994-11-30;1005.0;82.0;2.19;292.8;9.43;64.93;90.0;52.0;36.5;145.0;16.43;15.21;32.8;20.55;8.3;3.56;2.51
87466;1994;1994-12-31;1225.0;69.0;1.75;300.3;9.67;64.45;86.0;53.0;43.5;83.0;20.6;19.48;37.2;23.85;10.5;3.76;2.5
87466;1994;1995-01-31;1439.0;61.0;2.26;279.5;8.95;71.9;92.0;61.0;33.0;129.3;19.85;18.5;35.7;24.1;12.5;3.0;2.04
87466;1994;1995-02-28;917.0;54.0;1.95;273.9;8.49;71.86;85.0;60.0;57.5;117.2;18.73;16.62;32.0;19.65;7.3;2.99;1.85
87466;1994;1995-03-31;920.0;48.0;1.29;225.1;8.0;73.23;89.0;63.0;23.0;57.7;18.49;16.63;32.6;22.0;11.4;3.1;2.09
87466;1994;1995-04-30;512.0;44.0;0.49;188.3;7.54;72.13;88.0;61.0;16.0;53.0;14.92;12.85;34.2;16.9;-0.4;3.19;2.49
87466;1994;1995-05-31;315.0;40.0;-1.07;139.0;6.52;75.03;92.0;57.0;17.5;28.0;12.55;10.04;29.0;16.4;3.8;2.57;2.05
87466;1995;1995-06-30;128.0;37.0;-1.37;96.3;4.43;73.63;87.0;58.0;2.5;6.5;10.44;6.7;27.1;11.45;-4.2;3.08;2.8
87466;1995;1995-07-31;84.0;35.0;-1.77;117.5;5.72;70.16;92.0;47.0;2.0;3.9;9.36;4.99;24.5;11.15;-2.2;3.56;2.91
87466;1995;1995-08-31;7.0;32.0;-2.21;160.4;6.74;66.45;89.0;46.0;0.4;0.4;9.58;5.73;33.0;14.1;-4.8;3.65;2.71
87466;1995;1995-09-30;169.0;30.0;-2.76;203.4;6.94;60.4;84.0;44.0;4.5;9.7;10.78;8.41;34.6;16.5;-1.6;4.43;3.15
87466;1995;1995-10-31;884.0;28.0;-2.52;241.4;8.58;62.13;92.0;45.0;44.0;82.6;13.14;10.89;35.3;20.55;5.8;4.01;2.89
87466;1995;1995-11-30;1239.0;27.0;-1.93;281.6;9.08;67.4;88.0;50.0;49.0;120.5;16.63;16.42;37.8;23.6;9.4;3.82;2.52
87466;1995;1995-12-31;510.0;26.0;-3.0;324.1;10.58;60.03;95.0;46.0;18.0;34.0;20.61;18.3;39.5;25.55;11.6;3.71;2.66
87466;1995;1996-01-31;981.0;24.0;-2.86;283.4;8.86;68.0;88.0;49.0;29.5;108.0;19.38;18.48;36.2;24.95;13.7;2.88;1.88
87466;1995;1996-02-29;1319.0;142.0;-1.85;253.0;8.7;74.38;88.0;59.0;36.0;168.0;18.74;20.22;36.0;22.95;9.9;3.07;1.96
87466;1995;1996-03-31;896.0;105.0;-2.08;232.1;9.08;74.65;88.0;67.0;41.0;70.5;19.24;17.87;32.0;19.9;7.8;2.39;1.56
87466;1995;1996-04-30;752.0;495.0;-0.88;149.9;5.13;79.03;95.0;62.0;64.0;128.1;14.59;14.69;29.2;17.8;6.4;3.09;2.11
87466;1995;1996-05-31;453.0;291.0;-0.52;135.1;6.64;78.55;91.0;65.0;16.0;20.5;12.75;11.58;27.8;13.25;-1.3;2.78;2.02
87466;1996;1996-06-30;207.0;166.0;-0.64;98.9;5.66;76.0;95.0;66.0;0.5;1.0;9.03;5.94;28.2;11.15;-5.9;3.18;3.03
87466;1996;1996-07-31;63.0;119.0;-1.16;125.2;6.92;72.97;92.0;59.0;0.5;0.5;8.69;4.12;23.6;9.15;-5.3;3.25;2.4
87466;1996;1996-08-31;88.0;94.0;-1.6;150.5;7.33;66.77;95.0;46.0;8.0;10.2;10.78;8.75;35.5;16.7;-2.1;4.22;3.26
87466;1996;1996-09-30;325.0;78.0;-1.78;181.4;6.07;64.13;81.0;46.0;6.0;22.8;10.42;7.59;29.5;13.55;-2.4;4.23;2.97
87466;1996;1996-10-31;1045.0;66.0;-1.39;210.6;8.05;69.03;84.0;46.0;31.0;105.5;14.01;13.98;33.0;20.35;7.7;4.17;2.82
87466;1996;1996-11-30;895.0;58.0;-1.57;270.5;9.8;60.63;87.0;46.0;40.0;56.7;16.69;15.91;37.8;22.25;6.7;3.69;2.57
87466;1996;1996-12-31;917.0;52.0;-1.77;265.3;8.52;67.71;90.0;52.0;21.0;63.7;18.17;18.6;35.2;23.6;12.0;3.43;2.46
87466;1996;1997-01-31;940.0;47.0;-1.93;291.8;9.91;68.39;87.0;51.0;25.0;92.5;20.69;20.72;36.5;26.35;16.2;2.79;1.97
87466;1996;1997-02-28;634.0;43.0;-2.36;261.5;9.2;67.75;82.0;56.0;27.0;37.2;18.56;17.12;35.5;20.6;5.7;3.4;2.45
87466;1996;1997-03-31;448.0;39.0;-3.47;233.6;8.4;69.16;87.0;57.0;12.5;32.4;18.39;16.84;35.0;22.3;9.6;2.62;1.8
87466;1996;1997-04-30;458.0;36.0;-3.83;187.6;8.09;67.23;87.0;50.0;44.0;64.5;15.93;13.46;33.7;18.25;2.8;2.88;2.27
87466;1996;1997-05-31;128.0;34.0;-4.22;124.1;6.1;69.35;82.0;55.0;1.0;1.6;13.04;11.27;31.2;14.5;-2.2;3.31;2.47
87466;1997;1997-06-30;312.0;31.0;-3.89;87.3;4.18;78.77;96.0;61.0;21.0;23.7;9.87;7.44;21.3;9.05;-3.2;3.26;2.93
87466;1997;1997-07-31;176.0;30.0;-3.99;97.5;4.94;74.87;95.0;54.0;14.0;16.0;10.64;8.77;31.6;15.45;-0.7;3.82;3.03
87466;1997;1997-08-31;129.0;28.0;-3.98;138.2;5.94;69.39;94.0;55.0;3.6;7.5;10.56;8.44;36.2;17.4;-1.4;4.11;3.26
87466;1997;1997-09-30;328.0;26.0;-3.97;180.4;6.73;63.77;89.0;47.0;23.0;23.5;10.79;9.49;30.0;15.9;1.8;3.85;3.68
87466;1997;1997-10-31;1064.0;25.0;-3.26;208.3;7.2;71.19;97.0;53.0;29.0;97.2;13.15;13.61;34.0;19.65;5.3;4.17;3.07
87466;1997;1997-11-30;1033.0;24.0;-2.71;237.6;7.13;69.3;95.0;42.0;42.0;105.7;15.78;15.14;34.0;21.45;8.9;3.71;2.78
87466;1997;1997-12-31;1622.0;361.0;-1.24;235.3;8.3;69.9;95.0;34.0;40.0;171.3;16.87;17.04;35.4;22.45;9.5;3.8;2.67
87466;1997;1998-01-31;1604.0;337.0;2.75;274.6;8.64;74.71;90.0;55.0;36.0;89.0;18.5;18.93;35.1;22.75;10.4;3.47;1.91
87466;1997;1998-02-28;1198.0;495.0;3.7;234.9;6.21;82.75;95.0;72.0;70.0;174.5;17.27;18.32;32.0;22.0;12.0;3.02;1.91
87466;1997;1998-03-31;1027.0;423.0;3.44;209.0;5.62;79.0;94.0;63.0;27.0;81.4;16.57;16.68;33.4;18.95;4.5;2.88;1.58
87466;1997;1998-04-30;711.0;425.0;3.56;145.2;4.38;79.67;94.0;58.0;21.0;51.0;14.06;13.5;27.7;16.65;5.6;3.37;2.52
87466;1997;1998-05-31;535.0;463.0;4.07;110.2;4.99;81.1;94.0;69.0;18.0;45.5;12.34;11.82;27.3;15.55;3.8;2.91;2.28
87466;1998;1998-06-30;298.0;313.0;3.82;88.9;4.51;79.97;92.0;69.0;4.5;7.2;10.25;8.3;23.0;11.3;-0.4;2.68;2.12
87466;1998;1998-07-31;367.0;211.0;3.77;105.8;5.21;79.39;96.0;63.0;10.0;17.5;10.35;8.64;22.0;11.4;0.8;3.1;2.28
87466;1998;1998-08-31;174.0;137.0;3.38;143.4;6.16;74.03;93.0;55.0;3.0;5.4;9.27;8.02;24.0;12.85;1.7;3.26;1.93
87466;1998;1998-09-30;518.0;104.0;3.03;194.7;7.56;68.17;94.0;56.0;3.0;6.5;9.84;8.81;27.5;11.8;-3.9;4.21;2.84
87466;1998;1998-10-31;502.0;85.0;1.84;250.6;8.62;69.32;97.0;53.0;22.0;44.6;14.11;15.06;35.0;19.5;4.0;3.81;2.45
87466;1998;1998-11-30;1405.0;73.0;2.4;269.2;7.71;70.67;94.0;44.0;42.5;136.7;15.78;15.98;34.2;20.9;7.6;3.63;2.29
87466;1998;1998-12-31;1120.0;63.0;1.98;299.5;10.15;68.32;93.0;49.0;23.5;102.2;17.71;17.25;36.0;23.85;11.7;3.61;2.13
87466;1998;1999-01-31;691.0;55.0;1.14;301.4;8.58;64.32;86.0;46.0;15.0;29.6;18.22;16.19;33.2;22.6;12.0;3.2;2.07
87466;1998;1999-02-28;685.0;50.0;-1.21;296.9;9.2;71.43;90.0;62.0;30.0;63.0;20.22;18.65;33.5;22.45;11.4;2.9;1.87
87466;1998;1999-03-31;1081.0;495.0;1.04;190.9;6.65;78.9;95.0;63.0;45.0;120.0;18.98;18.12;34.0;21.85;9.7;3.23;2.09
87466;1998;1999-04-30;779.0;495.0;2.28;167.7;5.88;74.5;94.0;50.0;45.0;97.7;12.77;11.58;30.3;14.7;-0.9;3.07;2.19
87466;1998;1999-05-31;424.0;258.0;2.09;123.8;5.1;74.68;97.0;56.0;6.5;6.5;11.57;9.65;30.1;15.05;0.0;2.94;2.02
87466;1999;1999-06-30;341.0;253.0;2.28;84.3;3.31;79.33;98.0;57.0;20.0;29.0;9.7;7.16;21.5;9.95;-1.6;2.87;2.54
87466;1999;1999-07-31;272.0;159.0;2.14;109.0;5.42;78.61;96.0;45.0;2.0;2.2;9.04;5.68;24.5;10.8;-2.9;3.55;2.43
87466;1999;1999-08-31;169.0;116.0;1.71;155.1;7.19;63.48;88.0;48.0;8.0;8.4;9.63;6.14;29.0;11.95;-5.1;4.77;3.4
87466;1999;1999-09-30;553.0;91.0;1.58;186.5;6.97;63.9;85.0;47.0;43.0;71.3;11.56;10.17;29.5;16.55;3.6;4.16;2.63
87466;1999;1999-10-31;926.0;76.0;1.44;226.0;7.39;58.58;78.0;43.0;37.0;64.2;13.25;11.05;33.0;17.95;2.9;3.94;2.37
87466;1999;1999-11-30;515.0;65.0;-0.92;297.0;8.91;61.83;93.0;45.0;16.0;57.5;14.86;14.32;34.3;20.9;7.5;3.94;2.35
87466;1999;1999-12-31;1316.0;57.0;-0.57;278.2;7.97;70.74;92.0;47.0;81.5;133.8;17.18;17.58;35.0;21.6;8.2;3.5;1.98
87466;1999;2000-01-31;712.0;51.0;-1.39;285.1;9.31;70.97;86.0;55.0;35.5;83.0;20.24;20.23;35.6;25.9;16.2;2.73;1.59
87466;1999;2000-02-29;1356.0;134.0;0.02;261.0;7.53;68.07;86.0;54.0;49.0;108.3;19.31;17.45;35.3;21.95;8.6;2.72;1.64
87466;1999;2000-03-31;824.0;99.0;-0.81;229.7;7.3;68.81;88.0;54.0;34.0;59.2;17.07;14.83;31.5;17.95;4.4;3.05;1.81
87466;1999;2000-04-30;761.0;495.0;1.35;151.2;5.29;77.9;90.0;64.0;38.5;150.4;15.05;14.99;31.5;19.35;7.2;2.61;1.9
87466;1999;2000-05-31;563.0;495.0;2.97;96.6;4.02;77.58;97.0;60.0;35.0;84.9;11.83;9.99;22.4;12.95;3.5;3.43;2.19
87466;2000;2000-06-30;287.0;329.0;2.77;91.1;3.24;83.53;94.0;75.0;1.5;2.8;10.31;8.88;22.7;10.45;-1.8;3.2;2.36
87466;2000;2000-07-31;309.0;222.0;2.7;118.4;5.74;78.16;94.0;64.0;3.5;7.3;8.37;4.4;25.5;9.1;-7.3;4.14;2.8
87466;2000;2000-08-31;308.0;142.0;2.67;142.0;3.01;72.32;89.0;57.0;13.0;15.7;9.32;7.35;26.6;12.2;-2.2;3.75;2.46
87466;2000;2000-09-30;412.0;106.0;2.16;187.8;6.63;65.2;76.0;47.0;3.0;7.4;10.33;8.48;33.0;16.35;-0.3;4.28;2.89
87466;2000;2000-10-31;1289.0;303.0;2.84;218.2;5.91;68.19;84.0;52.0;68.0;191.7;13.04;12.86;32.2;18.8;5.4;4.5;2.7
87466;2000;2000-11-30;1366.0;207.0;3.49;262.2;7.79;65.67;83.0;48.0;25.0;103.8;14.36;13.8;31.2;19.2;7.2;3.55;2.19
87466;2000;2000-12-31;1054.0;135.0;2.88;297.8;7.58;62.74;79.0;48.0;29.5;100.5;17.54;16.66;35.8;21.7;7.6;3.32;1.92
87466;2000;2001-01-31;1482.0;103.0;3.14;286.9;8.77;69.42;81.0;51.0;94.0;149.5;19.78;19.2;35.4;23.0;10.6;3.26;1.93
87466;2000;2001-02-28;804.0;84.0;2.3;280.3;8.71;69.89;80.0;58.0;31.5;52.0;21.25;20.15;35.8;24.0;12.2;3.18;1.85
87466;2000;2001-03-31;1188.0;495.0;3.33;202.3;6.6;73.48;84.0;65.0;85.5;266.0;18.32;17.96;35.6;21.3;7.0;3.12;1.89
87466;2000;2001-04-30;812.0;495.0;4.02;157.9;5.92;72.17;84.0;60.0;50.0;84.5;13.71;12.54;31.2;16.6;2.0;2.96;2.63
87466;2000;2001-05-31;378.0;301.0;3.7;114.3;4.9;74.68;80.0;68.0;4.5;4.5;11.45;8.59;25.3;11.9;-1.5;2.82;1.94
87466;2001;2001-06-30;393.0;290.0;3.82;85.2;3.45;74.37;82.0;62.0;3.5;11.2;9.98;7.68;27.0;11.5;-4.0;2.88;2.14
87466;2001;2001-07-31;173.0;162.0;3.22;113.3;4.87;68.26;80.0;51.0;0.0;0.0;9.7;5.22;24.8;8.9;-7.0;3.68;2.61
87466;2001;2001-08-31;617.0;119.0;3.61;131.7;5.0;68.77;79.0;54.0;22.5;47.7;10.93;8.5;31.8;16.8;1.8;4.33;3.02
87466;2001;2001-09-30;892.0;238.0;4.28;163.0;5.82;66.87;76.0;53.0;33.0;64.7;10.63;8.92;28.8;12.5;-3.8;4.21;2.63
87466;2001;2001-10-31;1186.0;495.0;5.15;176.7;5.27;68.87;79.0;55.0;41.0;140.2;13.45;13.24;34.8;21.65;8.5;4.76;2.98
87466;2001;2001-11-30;1377.0;183.0;5.41;288.6;9.11;60.1;73.0;47.0;19.0;63.7;14.49;13.64;35.5;22.35;9.2;3.83;2.33
87466;2001;2001-12-31;917.0;126.0;4.41;297.5;7.8;59.1;76.0;46.0;35.0;105.3;17.09;16.14;34.4;22.45;10.5;3.17;1.96
87466;2001;2002-01-31;890.0;98.0;3.62;289.0;8.98;66.32;82.0;55.0;40.0;91.9;18.78;17.25;35.2;23.0;10.8;3.07;1.74
87466;2001;2002-02-28;385.0;81.0;2.22;269.5;7.65;67.21;81.0;58.0;22.0;40.0;18.35;16.5;37.3;23.65;10.0;3.25;1.91
87466;2001;2002-03-31;1122.0;495.0;3.03;175.0;5.45;77.32;95.0;54.0;140.0;281.0;18.89;18.86;36.6;22.3;8.0;3.86;2.32
87466;2001;2002-04-30;734.0;495.0;3.88;161.2;4.8;77.9;93.0;59.0;35.5;114.8;13.88;13.53;30.1;16.7;3.3;2.86;1.94
87466;2001;2002-05-31;511.0;307.0;3.76;120.1;5.13;80.03;96.0;64.0;8.5;18.5;12.71;12.99;29.4;15.7;2.0;3.37;2.44
87466;2002;2002-06-30;362.0;363.0;4.01;106.4;4.86;71.73;92.0;55.0;4.5;7.5;9.03;4.86;20.8;8.85;-3.1;2.71;1.92
87466;2002;2002-07-31;360.0;275.0;4.01;107.5;4.87;74.84;96.0;52.0;13.0;22.8;9.35;5.87;24.2;10.75;-2.7;3.38;2.29
87466;2002;2002-08-31;572.0;159.0;4.46;148.2;6.24;67.84;93.0;52.0;10.5;24.0;9.91;7.21;31.7;14.85;-2.0;4.14;2.8
87466;2002;2002-09-30;522.0;116.0;4.1;189.7;7.49;61.8;92.0;43.0;21.0;28.8;10.96;7.96;31.2;14.95;-1.3;4.09;2.81
87466;2002;2002-10-31;1212.0;92.0;4.04;231.6;6.91;68.52;88.0;48.0;24.0;77.0;14.3;14.35;38.2;21.1;4.0;4.51;2.75
87466;2002;2002-11-30;1469.0;76.0;4.23;285.7;8.74;63.43;82.0;46.0;39.5;132.7;16.07;15.85;37.0;22.4;7.8;4.59;2.77
87466;2002;2002-12-31;1425.0;65.0;4.13;271.1;5.81;75.23;91.0;50.0;58.0;160.5;16.31;18.44;34.0;23.4;12.8;3.81;2.04
87466;2002;2003-01-31;736.0;57.0;3.09;292.2;8.82;67.53;86.0;52.0;29.5;59.4;20.8;19.1;38.8;25.15;11.5;3.09;1.75
87466;2002;2003-02-28;1288.0;51.0;3.21;260.3;7.67;74.75;89.0;60.0;29.5;140.5;19.25;18.31;39.8;23.2;6.6;3.22;1.95
87466;2002;2003-03-31;1188.0;210.0;3.02;215.9;7.53;74.71;88.0;63.0;56.5;167.5;17.94;17.68;33.2;20.6;8.0;2.9;1.79
87466;2002;2003-04-30;760.0;495.0;3.68;155.1;4.46;75.23;95.0;55.0;18.0;86.9;13.9;12.86;29.8;16.55;3.3;2.83;2.02
87466;2002;2003-05-31;440.0;323.0;3.53;124.1;5.33;76.74;95.0;58.0;5.0;20.5;12.35;10.39;27.4;14.25;1.1;3.13;2.1
87466;2003;2003-06-30;189.0;169.0;2.9;92.3;3.29;77.97;95.0;52.0;1.0;1.5;11.19;9.14;25.4;12.7;0.0;2.76;2.09
87466;2003;2003-07-31;409.0;352.0;3.46;114.9;5.16;72.06;95.0;50.0;19.0;52.0;9.31;4.48;23.9;9.95;-4.0;3.17;2.6
87466;2003;2003-08-31;429.0;173.0;3.65;147.0;6.04;73.68;97.0;60.0;21.5;34.5;8.68;6.86;27.2;10.7;-5.8;4.27;2.95
87466;2003;2003-09-30;215.0;122.0;2.59;208.2;8.19;59.27;84.0;42.0;6.0;7.9;11.01;7.52;32.9;14.9;-3.1;4.55;2.92
87466;2003;2003-10-31;322.0;96.0;0.97;264.7;7.87;53.29;79.0;29.0;15.0;24.0;14.28;10.77;35.3;18.35;1.4;4.55;2.5
87466;2003;2003-11-30;583.0;79.0;-2.78;295.3;8.92;52.1;87.0;38.0;36.5;48.5;16.41;12.86;40.1;23.35;6.6;4.39;2.68
87466;2003;2003-12-31;1394.0;67.0;-2.35;307.9;7.33;56.87;86.0;40.0;89.0;167.9;16.69;13.85;36.3;21.35;6.4;4.45;2.39
87466;2003;2004-01-31;943.0;59.0;-2.47;310.6;10.27;63.58;92.0;46.0;22.5;83.0;21.02;18.52;36.8;24.25;11.7;2.8;1.74
87466;2003;2004-02-29;563.0;52.0;-2.95;284.9;9.54;70.21;87.0;58.0;65.0;107.0;18.85;16.83;37.6;22.9;8.2;3.05;1.66
87466;2003;2004-03-31;1030.0;47.0;-3.13;244.3;8.72;64.0;82.0;52.0;34.0;100.3;19.37;15.85;34.8;22.65;10.5;3.35;1.83
87466;2003;2004-04-30;779.0;470.0;-2.12;156.6;5.53;71.63;88.0;57.0;43.0;130.8;15.46;13.6;33.2;17.95;2.7;2.87;1.93
87466;2003;2004-05-31;426.0;495.0;-0.73;114.8;5.04;77.26;91.0;65.0;19.0;52.5;10.75;8.21;23.9;12.05;0.2;3.07;1.89
87466;2004;2004-06-30;272.0;287.0;-0.68;105.4;4.65;83.43;99.0;63.0;0.0;0.0;10.45;8.96;23.2;11.4;-0.4;3.17;2.67
87466;2004;2004-07-31;457.0;270.0;2.1;112.5;5.28;78.03;96.0;65.0;33.0;41.6;9.68;7.45;26.1;11.05;-4.0;3.91;2.66
87466;2004;2004-08-31;271.0;157.0;2.11;139.8;5.96;80.48;96.0;58.0;5.5;12.0;9.89;9.34;32.3;15.0;-2.3;4.36;3.0
87466;2004;2004-09-30;87.0;114.0;0.92;212.3;8.39;70.1;85.0;51.0;0.0;0.0;11.62;11.1;33.9;16.85;-0.2;4.47;2.84
87466;2004;2004-10-31;856.0;91.0;0.21;242.8;8.59;63.13;92.0;47.0;26.5;70.8;13.6;11.0;33.2;19.45;5.7;4.57;2.54
87466;2004;2004-11-30;1063.0;76.0;0.32;248.8;8.05;67.73;94.0;49.0;82.0;125.5;14.79;14.98;36.4;21.45;6.5;4.03;2.25
87466;2004;2004-12-31;1683.0;65.0;1.09;287.8;9.75;67.23;92.0;48.0;55.5;133.6;17.75;17.82;36.0;23.1;10.2;3.98;2.02
87466;2004;2005-01-31;1476.0;57.0;1.62;290.5;9.07;67.32;92.0;36.0;64.0;115.5;20.37;18.43;36.8;23.4;10.0;3.55;1.93
87466;2004;2005-02-28;1036.0;51.0;1.58;267.8;7.77;75.96;88.0;57.0;45.0;136.4;20.05;19.02;32.5;19.9;7.3;2.45;1.49
87466;2004;2005-03-31;1201.0;488.0;1.93;229.4;7.66;70.19;93.0;53.0;44.0;150.1;17.51;15.66;34.4;20.9;7.4;3.25;1.85
87466;2004;2005-04-30;685.0;325.0;1.75;180.4;6.18;73.5;93.0;56.0;13.0;29.0;13.18;11.71;29.0;14.25;-0.5;2.76;1.9
87466;2004;2005-05-31;250.0;168.0;1.12;131.9;5.13;74.74;89.0;58.0;4.0;10.4;12.18;9.78;28.3;12.9;-2.5;3.58;2.43
87466;2005;2005-06-30;250.0;121.0;0.78;78.1;2.3;81.9;92.0;62.0;13.0;13.3;11.23;10.08;27.3;12.65;-2.0;2.85;2.21
87466;2005;2005-07-31;287.0;95.0;0.33;110.0;5.31;78.23;94.0;62.0;15.0;18.9;9.87;7.51;28.0;11.95;-4.1;3.8;2.56
87466;2005;2005-08-31;279.0;78.0;0.25;141.7;4.76;71.87;87.0;58.0;24.0;25.0;9.8;6.9;24.1;9.95;-4.2;4.12;2.55
87466;2005;2005-09-30;390.0;67.0;-0.58;199.2;8.07;64.53;95.0;48.0;25.0;38.5;9.9;6.96;28.0;11.5;-5.0;3.84;2.26
87466;2005;2005-10-31;642.0;59.0;-1.28;254.5;8.3;59.97;96.0;39.0;40.5;59.7;12.57;10.0;34.6;17.15;-0.3;4.04;2.41
87466;2005;2005-11-30;900.0;52.0;-1.53;297.8;9.86;59.13;85.0;39.0;29.0;90.6;16.83;14.7;35.7;21.85;8.0;4.01;2.24
87466;2005;2005-12-31;541.0;47.0;-2.44;310.1;9.86;60.55;79.0;49.0;34.0;68.5;17.34;15.56;33.3;20.05;6.8;3.66;2.06
87466;2005;2006-01-31;1348.0;43.0;-1.93;291.6;9.14;67.77;84.0;46.0;54.0;143.0;20.55;19.35;40.4;25.85;11.3;3.71;2.08
87466;2005;2006-02-28;965.0;39.0;-1.81;272.4;8.36;72.82;92.0;56.0;52.0;138.0;19.94;18.19;36.4;22.6;8.8;2.99;1.6
87466;2005;2006-03-31;807.0;36.0;-2.23;228.3;7.53;73.55;90.0;55.0;14.0;68.2;17.84;15.85;32.2;18.6;5.0;2.86;1.52
87466;2005;2006-04-30;843.0;495.0;-1.07;182.4;6.75;72.57;91.0;57.0;59.0;176.5;15.23;13.86;30.0;16.3;2.6;2.67;1.6
87466;2005;2006-05-31;319.0;203.0;-1.22;138.5;5.89;74.23;91.0;56.0;0.0;0.0;11.22;8.15;25.6;12.2;-1.2;2.69;1.7
87466;2006;2006-06-30;327.0;174.0;-0.92;88.5;3.81;80.13;93.0;60.0;13.0;17.5;10.98;8.83;22.4;11.0;-0.4;3.02;2.18
87466;2006;2006-07-31;102.0;123.0;-1.43;121.0;5.2;73.9;94.0;57.0;0.0;0.0;11.0;8.49;29.5;11.85;-5.8;3.69;2.53
87466;2006;2006-08-31;83.0;96.0;-1.72;157.8;6.82;65.94;88.0;52.0;12.0;12.2;9.53;5.36;31.0;14.6;-1.8;3.68;2.17
87466;2006;2006-09-30;97.0;79.0;-2.5;214.3;8.05;57.9;90.0;45.0;2.5;5.5;10.96;6.89;31.8;14.4;-3.0;4.65;2.93
87466;2006;2006-10-31;1017.0;68.0;-2.23;224.0;8.18;63.77;87.0;49.0;45.0;75.3;14.95;13.5;34.8;19.0;3.2;4.27;2.5
87466;2006;2006-11-30;1119.0;59.0;-1.84;263.2;8.51;60.33;98.0;37.0;38.0;120.0;15.85;13.62;35.4;20.95;6.5;4.07;2.43
87466;2006;2006-12-31;1854.0;241.0;0.46;293.0;9.08;71.97;94.0;53.0;100.0;235.7;18.89;19.75;36.2;24.1;12.0;3.54;1.98
87466;2006;2007-01-31;977.0;147.0;1.25;280.4;7.77;77.61;95.0;58.0;27.0;93.1;19.96;19.5;35.8;23.6;11.4;3.34;1.77
87466;2006;2007-02-28;1230.0;115.0;1.49;267.2;8.4;75.11;94.0;56.0;63.0;98.5;20.47;18.74;35.0;21.7;8.4;3.02;1.85
87466;2006;2007-03-31;1022.0;495.0;3.33;183.5;5.59;80.13;97.0;64.0;41.0;203.5;17.92;17.5;31.8;20.1;8.4;3.15;1.87
87466;2006;2007-04-30;628.0;251.0;2.92;155.0;6.17;78.07;96.0;55.0;15.0;33.6;15.76;14.83;33.9;18.3;2.7;2.88;1.9
87466;2006;2007-05-31;352.0;169.0;2.7;134.1;6.09;73.03;97.0;53.0;25.5;29.5;10.37;6.53;27.4;10.85;-5.7;3.03;1.88
87466;2007;2007-06-30;193.0;120.0;2.3;111.1;5.54;76.0;93.0;54.0;8.0;8.5;9.15;5.42;23.1;9.85;-3.4;2.35;1.78
87466;2007;2007-07-31;90.0;95.0;1.64;118.8;6.02;67.74;91.0;52.0;1.5;1.7;8.09;2.05;25.8;8.9;-8.0;3.15;2.15
87466;2007;2007-08-31;53.0;78.0;1.08;149.4;6.57;67.06;90.0;52.0;2.5;7.0;8.04;3.05;26.3;10.25;-5.8;4.12;2.46
87466;2007;2007-09-30;897.0;72.0;1.7;168.4;5.91;72.87;94.0;57.0;38.5;70.6;12.35;11.89;32.2;15.9;-0.4;4.41;2.82
87466;2007;2007-10-31;837.0;62.0;1.45;212.1;7.68;72.42;92.0;49.0;29.0;76.3;14.09;14.43;33.3;19.55;5.8;3.84;2.14
87466;2007;2007-11-30;206.0;55.0;-1.75;313.0;10.46;53.53;77.0;36.0;6.0;12.5;15.01;11.91;35.4;19.1;2.8;4.23;2.19
87466;2007;2007-12-31;1028.0;49.0;-2.0;298.6;10.13;57.16;96.0;43.0;35.5;115.0;16.19;15.21;36.4;22.8;9.2;3.49;1.85
87466;2007;2008-01-31;1211.0;45.0;-1.58;266.8;9.16;64.74;85.0;45.0;25.0;107.0;19.73;18.02;37.4;24.75;12.1;3.24;1.74
87466;2007;2008-02-29;1047.0;41.0;-1.3;261.9;8.35;71.79;92.0;52.0;29.0;118.5;19.66;18.49;36.0;23.0;10.0;2.56;0.63
87466;2007;2008-03-31;771.0;38.0;-1.86;204.3;8.39;69.58;82.0;53.0;22.0;55.0;17.95;16.12;34.4;22.1;9.8;3.18;0.75
87466;2007;2008-04-30;259.0;35.0;-2.67;196.7;8.02;61.57;77.0;48.0;5.5;14.5;14.56;10.58;32.4;15.1;-2.2;2.43;0.74
87466;2007;2008-05-31;60.0;33.0;-3.15;139.4;6.75;64.45;76.0;52.0;1.0;2.0;12.45;8.02;31.8;13.25;-5.3;2.8;1.06
87466;2008;2008-06-30;84.0;31.0;-3.4;101.5;5.6;65.37;84.0;49.0;2.5;2.8;9.05;3.3;23.0;11.0;-1.0;2.64;1.08
87466;2008;2008-07-31;105.0;29.0;-3.71;111.3;4.44;70.13;91.0;44.0;0.3;0.5;11.16;8.17;31.0;15.5;0.0;3.44;1.27
87466;2008;2008-08-31;13.0;27.0;-4.04;161.5;7.58;51.23;75.0;32.0;0.0;0.0;9.67;1.92;34.4;15.55;-3.3;4.16;1.44
87466;2008;2008-09-30;325.0;26.0;-4.12;201.4;8.11;48.7;81.0;28.0;11.0;18.0;10.36;4.23;33.1;15.25;-2.6;4.08;1.22
87466;2008;2008-10-31;594.0;24.0;-4.37;234.6;8.87;52.45;86.0;23.0;19.0;57.2;13.27;9.4;34.0;18.2;2.4;4.14;1.22
87466;2008;2008-11-30;1236.0;23.0;-3.85;294.9;9.19;53.07;96.0;34.0;53.0;143.1;18.12;14.57;38.2;21.5;4.8;3.79;0.94
87466;2008;2008-12-31;589.0;22.0;-4.44;301.6;9.28;62.71;92.0;41.0;9.0;36.0;18.34;17.06;37.9;23.35;8.8;3.22;0.76
87466;2008;2009-01-31;834.0;21.0;-4.45;297.8;9.43;66.06;96.0;49.0;39.0;100.5;20.26;17.41;37.6;23.7;9.8;3.26;0.74
87466;2008;2009-02-28;1366.0;22.0;-3.45;286.0;9.14;75.07;97.0;63.0;50.0;160.0;20.45;18.84;35.0;23.6;12.2;3.06;0.65
87466;2008;2009-03-31;951.0;21.0;-3.73;246.2;8.82;68.16;94.0;54.0;55.0;127.0;19.65;17.54;35.0;21.8;8.6;2.86;0.63
87466;2008;2009-04-30;295.0;20.0;-4.43;198.9;8.08;65.77;84.0;55.0;21.0;26.0;16.75;14.27;34.1;21.05;8.0;2.56;0.79
87466;2008;2009-05-31;186.0;20.0;-4.58;134.9;6.16;68.32;97.0;52.0;3.5;7.3;12.85;10.12;32.0;15.9;-0.2;3.13;1.03
87466;2009;2009-06-30;10.0;19.0;-4.95;114.0;6.52;64.77;87.0;52.0;0.0;0.0;9.24;3.8;27.6;11.1;-5.4;3.06;1.14
87466;2009;2009-07-31;372.0;19.0;-4.35;120.0;6.31;63.94;93.0;47.0;16.5;29.1;8.4;2.15;27.2;10.35;-6.5;3.2;1.09
87466;2009;2009-08-31;24.0;18.0;-4.69;162.0;6.82;56.84;76.0;41.0;2.0;2.0;10.84;6.05;35.8;14.75;-6.3;4.27;1.58
87466;2009;2009-09-30;923.0;132.0;-3.25;184.5;7.17;68.93;98.0;51.0;31.5;91.5;9.84;7.65;29.8;13.55;-2.7;4.59;1.51
87466;2009;2009-10-31;509.0;100.0;-3.69;271.4;9.27;52.29;78.0;40.0;56.5;78.0;13.58;9.5;38.4;19.6;0.8;4.36;1.18
87466;2009;2009-11-30;1280.0;82.0;-2.88;256.4;7.76;66.4;92.0;35.0;76.0;159.0;17.23;15.76;34.0;21.15;8.3;3.86;1.1
87466;2009;2009-12-31;1644.0;464.0;-1.27;264.6;7.76;72.74;88.0;54.0;30.0;170.7;17.25;17.8;32.8;22.2;11.6;3.62;0.85
87466;2009;2010-01-31;1692.0;199.0;1.96;309.5;10.35;70.19;92.0;54.0;106.0;246.0;20.52;19.58;35.8;23.5;11.2;3.33;0.75
87466;2009;2010-02-28;1318.0;495.0;3.69;234.5;7.57;79.0;93.0;61.0;55.0;171.0;19.94;20.27;34.7;22.5;10.3;3.24;0.69
87466;2009;2010-03-31;1003.0;183.0;2.84;228.4;8.96;68.23;94.0;50.0;17.0;49.0;18.95;17.68;34.6;22.65;10.7;2.76;0.63
87466;2009;2010-04-30;789.0;199.0;2.7;182.9;7.42;68.87;99.0;56.0;53.0;92.0;13.91;11.11;32.8;18.35;3.9;2.49;0.69
87466;2009;2010-05-31;458.0;185.0;2.8;120.0;5.25;73.61;98.0;52.0;17.0;46.6;12.58;9.09;31.0;15.25;-0.5;2.93;0.84
87466;2010;2010-06-30;125.0;128.0;2.2;100.3;5.22;75.87;94.0;51.0;2.5;3.0;10.08;6.7;23.1;10.55;-2.0;2.9;1.06
87466;2010;2010-07-31;97.0;99.0;1.47;122.0;6.74;65.19;96.0;44.0;0.5;1.2;9.13;2.75;27.9;9.85;-8.2;3.81;1.27
87466;2010;2010-08-31;68.0;81.0;0.72;152.6;6.57;64.65;93.0;41.0;3.5;4.0;8.94;4.02;28.0;10.6;-6.8;3.62;1.15
87466;2010;2010-09-30;923.0;71.0;1.47;174.0;6.62;69.33;96.0;52.0;25.0;82.3;10.81;9.11;30.2;16.5;2.8;4.55;1.56
87466;2010;2010-10-31;682.0;61.0;0.82;254.1;8.47;62.35;96.0;42.0;18.0;44.0;12.67;10.32;30.4;15.6;0.8;4.15;1.14
87466;2010;2010-11-30;508.0;54.0;-1.61;281.9;9.66;56.43;93.0;42.0;18.5;58.5;14.96;13.32;37.4;22.3;7.2;3.47;0.86
87466;2010;2010-12-31;901.0;49.0;-2.12;301.8;10.98;60.06;90.0;38.0;30.0;108.0;18.01;16.77;35.8;21.25;6.7;3.65;0.86
87466;2010;2011-01-31;1314.0;44.0;-1.71;298.5;10.63;65.06;85.0;51.0;54.0;116.5;19.79;18.79;37.6;23.9;10.2;3.38;0.81
87466;2010;2011-02-28;1243.0;41.0;-1.12;261.9;9.01;73.75;97.0;55.0;47.0;128.5;18.98;18.31;33.5;23.85;14.2;3.34;0.71
87466;2010;2011-03-31;819.0;38.0;-1.73;237.1;8.34;65.94;92.0;50.0;30.5;66.0;17.66;15.17;35.0;19.1;3.2;2.86;0.63
87466;2010;2011-04-30;832.0;60.0;-1.49;190.2;7.27;63.7;85.0;43.0;36.0;82.5;15.89;11.42;32.0;17.6;3.2;2.63;0.94
87466;2010;2011-05-31;493.0;55.0;-1.09;125.9;6.52;71.71;91.0;60.0;80.0;102.0;11.86;9.11;25.4;13.0;0.6;2.92;0.84
87466;2011;2011-06-30;273.0;48.0;-1.0;94.5;4.78;76.1;93.0;54.0;5.0;13.6;9.67;6.35;23.6;9.2;-5.2;2.84;0.97
87466;2011;2011-07-31;82.0;43.0;-1.5;120.9;6.39;65.65;85.0;49.0;2.0;3.0;8.94;3.84;27.8;11.15;-5.5;3.41;1.16
87466;2011;2011-08-31;53.0;40.0;-1.89;150.2;6.49;65.06;91.0;42.0;1.5;2.5;8.66;4.22;29.4;11.9;-5.6;3.92;1.2
87466;2011;2011-09-30;209.0;36.0;-2.55;213.6;8.49;48.07;77.0;32.0;11.5;15.0;10.95;5.88;33.6;16.2;-1.2;4.79;1.57
87466;2011;2011-10-31;1242.0;140.0;-1.55;228.1;7.55;62.45;89.0;35.0;83.0;153.0;12.87;10.73;30.0;17.35;4.7;3.89;0.91
87466;2011;2011-11-30;1152.0;105.0;-1.25;296.4;9.59;54.9;80.0;41.0;38.5;81.1;16.77;14.41;34.9;21.45;8.0;4.13;1.06
87466;2011;2011-12-31;307.0;85.0;-2.71;321.2;10.76;50.35;69.0;38.0;15.0;18.2;16.96;13.77;40.0;23.8;7.6;3.47;0.86
87466;2011;2012-01-31;764.0;72.0;-3.3;316.5;11.12;54.71;80.0;36.0;53.0;69.5;20.77;16.47;41.8;24.65;7.5;3.65;0.98
87466;2011;2012-02-29;1423.0;350.0;-1.99;262.6;8.94;68.0;86.0;55.0;42.5;143.0;21.24;18.62;37.5;23.85;10.2;3.22;0.89
87466;2011;2012-03-31;1140.0;207.0;-2.03;236.6;8.72;66.03;84.0;51.0;42.0;99.7;17.95;15.56;36.2;20.9;5.6;3.46;0.82
87466;2011;2012-04-30;519.0;134.0;-2.29;162.7;6.92;64.43;82.0;46.0;8.0;21.9;14.58;11.52;32.4;17.9;3.4;2.18;0.7
87466;2011;2012-05-31;549.0;125.0;-1.8;120.4;5.47;68.77;86.0;52.0;16.0;51.0;13.94;10.52;29.4;14.7;0.0;3.3;1.1
87466;2012;2012-06-30;55.0;96.0;-2.38;107.1;6.43;66.17;86.0;47.0;3.5;4.0;9.7;5.06;26.5;11.1;-4.3;3.12;1.17
87466;2012;2012-07-31;69.0;79.0;-2.86;128.3;7.38;56.9;86.0;26.0;3.5;3.5;7.77;0.25;24.0;9.75;-4.5;3.37;0.99
87466;2012;2012-08-31;635.0;134.0;-1.58;121.2;5.44;72.68;96.0;51.0;35.5;98.7;10.74;7.98;31.8;14.7;-2.4;3.93;1.38
87466;2012;2012-09-30;1003.0;278.0;2.18;177.6;7.06;65.83;94.0;50.0;105.0;146.7;11.62;9.97;32.8;16.0;-0.8;4.42;1.36
87466;2012;2012-10-31;1200.0;495.0;4.74;205.9;7.29;73.0;95.0;55.0;43.5;246.2;14.34;14.23;31.2;18.0;4.8;4.51;1.25
87466;2012;2012-11-30;1332.0;183.0;4.97;279.6;9.32;61.53;87.0;42.0;35.0;98.5;17.36;15.38;35.4;23.2;11.0;3.65;0.88
87466;2012;2012-12-31;1772.0;186.0;5.33;277.7;9.33;65.23;88.0;37.0;41.0;147.0;19.07;17.59;37.2;24.5;11.8;4.11;1.68
87466;2012;2013-01-31;511.0;125.0;3.79;320.1;10.45;60.87;84.0;50.0;22.0;49.5;19.71;17.09;37.0;22.9;8.8;3.42;1.29
87466;2012;2013-02-28;878.0;96.0;3.11;272.2;8.89;68.86;97.0;52.0;31.0;92.0;19.12;17.18;36.8;22.65;8.5;3.41;2.26
87466;2012;2013-03-31;1169.0;332.0;3.04;228.7;7.22;71.58;96.0;54.0;116.0;174.0;15.85;14.4;33.4;19.9;6.4;3.0;2.01
87466;2012;2013-04-30;726.0;186.0;2.58;187.1;8.11;70.4;98.0;52.0;17.5;62.0;14.95;12.69;29.4;16.1;2.8;2.67;0.78
87466;2012;2013-05-31;556.0;196.0;2.7;132.7;6.58;73.84;96.0;52.0;30.0;46.6;12.06;9.12;26.8;12.65;-1.5;2.94;1.52
87466;2013;2013-06-30;234.0;132.0;2.19;110.2;6.12;70.63;98.0;49.0;17.5;21.9;10.22;6.12;28.0;12.8;-2.4;2.5;1.74
87466;2013;2013-07-31;127.0;101.0;1.39;113.4;4.99;70.81;99.0;44.0;4.5;6.1;9.41;5.38;27.3;10.3;-6.7;3.71;2.68
87466;2013;2013-08-31;24.0;82.0;-0.86;165.0;7.73;51.94;82.0;32.0;0.0;0.0;8.43;1.17;30.1;13.55;-3.0;4.34;2.56
87466;2013;2013-09-30;162.0;70.0;-2.28;192.8;6.94;55.7;79.0;36.0;5.0;8.0;10.69;5.62;36.7;16.45;-3.8;4.9;3.62
87466;2013;2013-10-31;1503.0;301.0;-0.98;242.4;8.73;54.58;88.0;37.0;116.0;165.5;13.76;10.84;33.5;18.85;4.2;4.26;2.7
87466;2013;2013-11-30;1393.0;164.0;1.7;266.3;8.62;59.13;86.0;41.0;71.0;158.0;16.32;14.0;35.4;22.9;10.4;4.45;2.58
87466;2013;2013-12-31;857.0;118.0;0.74;308.2;9.75;57.13;80.0;40.0;35.0;50.5;20.87;17.79;38.3;26.15;14.0;3.25;1.8
87466;2013;2014-01-31;1017.0;93.0;-0.98;303.8;10.13;62.48;80.0;47.0;19.0;57.0;20.72;18.26;38.8;24.3;9.8;3.71;1.99
87466;2013;2014-02-28;1173.0;495.0;1.64;224.0;6.29;81.39;93.0;70.0;50.0;184.9;19.18;18.89;34.6;20.85;7.1;3.04;1.95
87466;2013;2014-03-31;1114.0;495.0;1.9;223.0;7.37;73.06;95.0;56.0;43.0;109.1;16.21;14.41;31.6;18.5;5.4;3.01;1.59
87466;2013;2014-04-30;760.0;495.0;2.92;168.2;6.32;72.63;96.0;52.0;42.0;94.2;15.15;12.64;31.9;17.15;2.4;2.77;2.06
87466;2014;2014-07-31;235.0;146.0;2.27;114.8;5.74;67.84;88.0;46.0;6.5;9.5;10.25;5.96;26.0;11.25;-3.5;3.66;2.73
87466;2014;2014-08-31;40.0;109.0;1.38;160.3;6.96;59.32;87.0;38.0;0.0;0.0;10.81;6.04;33.4;14.6;-4.2;4.36;3.15
87466;2014;2014-09-30;565.0;88.0;1.26;188.4;6.82;64.23;92.0;47.0;15.0;36.2;11.91;9.37;27.8;14.9;2.0;4.25;2.57
87466;2014;2014-10-31;907.0;74.0;0.92;241.8;8.24;58.74;84.0;40.0;23.2;52.8;15.8;12.69;37.5;22.05;6.6;4.51;2.48
87466;2014;2014-11-30;1194.0;64.0;1.02;271.3;8.26;53.37;85.0;32.0;60.0;144.5;15.6;11.85;35.1;20.15;5.2;4.22;2.28
87466;2014;2014-12-31;1189.0;56.0;0.78;281.2;8.56;60.19;92.0;38.0;33.0;104.7;16.77;15.41;35.7;19.75;3.8;3.66;1.92
87466;2014;2015-03-31;1098.0;225.0;1.52;217.7;8.11;74.42;93.0;64.0;69.0;172.9;18.83;18.19;34.6;21.4;8.2;2.59;1.98
87466;2014;2015-04-30;800.0;149.0;1.28;182.5;8.26;66.63;89.0;51.0;68.0;76.0;16.53;14.71;33.0;21.2;9.4;2.63;2.51
87466;2014;2015-05-31;274.0;110.0;0.78;120.6;4.74;73.61;92.0;54.0;0.7;1.2;13.89;11.99;28.8;15.95;3.1;3.03;2.38
87466;2015;2015-06-30;105.0;88.0;-1.07;106.6;5.78;71.53;97.0;49.0;6.0;6.0;11.0;7.8;27.3;10.75;-5.8;2.9;2.52
87466;2015;2015-07-31;379.0;74.0;-0.89;123.1;5.41;72.6;95.0;47.0;2.5;3.0;9.99;6.48;27.1;11.65;-3.8;3.46;2.4
87466;2015;2015-08-31;639.0;73.0;0.85;133.4;4.77;78.35;96.0;56.0;53.0;93.5;11.67;10.39;29.2;16.35;3.5;3.91;2.82
87466;2015;2015-09-30;297.0;63.0;-0.39;179.1;6.68;66.57;96.0;37.0;10.0;22.0;10.41;8.73;27.8;13.9;0.0;3.88;2.81
87466;2015;2015-10-31;772.0;55.0;-0.21;208.0;6.94;67.19;95.0;46.0;32.0;84.0;12.04;10.89;31.7;17.3;2.9;4.4;3.39
87466;2015;2015-11-30;1392.0;49.0;0.8;255.3;7.63;68.07;92.0;51.0;54.0;166.3;15.03;15.33;31.9;20.75;9.6;3.77;2.61
87466;2015;2015-12-31;1169.0;45.0;0.53;288.8;8.78;65.7;94.0;45.0;46.0;128.5;17.91;18.24;35.2;23.0;10.8;3.51;2.01
87466;2015;2016-01-31;521.0;41.0;-1.19;293.9;9.37;72.68;92.0;60.0;67.5;115.0;21.84;20.67;37.3;26.35;15.4;3.44;2.04
87466;2015;2016-02-29;1397.0;452.0;1.12;254.8;8.95;75.17;88.0;63.0;77.0;154.5;23.52;21.26;36.5;24.25;12.0;2.93;1.68
87466;2015;2016-03-31;1000.0;222.0;0.68;214.5;7.13;74.43;90.0;63.0;25.0;44.0;17.15;16.45;34.6;21.6;8.6;3.12;1.52
87466;2015;2016-04-30;626.0;495.0;2.61;112.0;2.79;84.33;97.0;66.0;35.0;143.4;15.73;14.48;31.4;16.6;1.8;3.23;2.54
87466;2015;2016-05-31;375.0;326.0;2.49;98.2;4.12;82.35;96.0;73.0;4.0;7.5;11.45;10.25;21.8;12.15;2.5;2.73;2.42
87466;2016;2016-06-30;355.0;495.0;4.15;93.6;5.1;83.1;98.0;66.0;32.0;79.2;8.67;6.96;20.3;9.55;-1.2;2.61;1.94
87466;2016;2016-07-31;330.0;365.0;4.09;104.5;4.17;83.23;97.0;61.0;10.0;15.5;9.58;7.41;21.9;10.85;-0.2;3.23;2.99
87466;2016;2016-08-31;246.0;175.0;3.86;160.3;7.77;69.06;90.0;46.0;0.0;0.0;9.52;8.34;29.2;14.9;0.6;3.71;2.54
87466;2016;2016-09-30;206.0;123.0;2.72;202.1;7.9;66.43;91.0;50.0;6.0;6.2;9.72;8.99;31.4;14.9;-1.6;4.47;3.14
87466;2016;2016-10-31;1178.0;154.0;3.06;202.1;5.96;76.94;95.0;57.0;25.0;84.0;13.8;14.39;29.2;16.7;4.2;4.33;2.92
87466;2016;2016-11-30;647.0;113.0;2.06;295.2;9.24;60.0;86.0;38.0;12.0;46.1;14.4;13.6;35.0;19.75;4.5;3.8;2.72
87466;2016;2016-12-31;1379.0;90.0;1.8;307.4;9.48;59.65;93.0;38.0;84.0;195.0;17.38;16.95;37.8;23.4;9.0;3.91;2.71
87466;2016;2017-01-31;1142.0;75.0;1.6;292.9;9.63;72.65;94.0;60.0;56.0;98.5;21.54;20.6;35.5;22.95;10.4;3.77;2.23
87466;2016;2017-02-28;1024.0;64.0;1.54;251.5;7.88;78.57;90.0;55.0;135.0;150.1;22.66;20.41;35.2;22.4;9.6;2.87;1.98
87466;2016;2017-03-31;1198.0;135.0;1.4;213.4;7.72;74.81;96.0;56.0;37.0;98.0;18.41;17.61;34.9;21.1;7.3;3.2;2.62
87466;2016;2017-04-30;823.0;394.0;1.83;162.4;5.41;75.3;100.0;53.0;45.0;105.0;13.94;13.42;30.7;17.65;4.6;3.03;2.71
87466;2016;2017-05-31;516.0;334.0;2.13;115.2;3.93;82.84;94.0;65.0;5.0;14.5;12.97;12.12;27.7;14.25;0.8;3.18;2.82
87466;2017;2017-06-30;353.0;259.0;2.15;102.2;5.09;80.03;95.0;58.0;26.0;33.5;10.8;9.57;30.0;12.1;-5.8;3.33;2.76
87466;2017;2017-07-31;401.0;200.0;2.19;98.3;4.66;82.39;97.0;62.0;4.0;9.2;10.88;9.6;29.7;11.45;-6.8;3.98;2.96
87466;2017;2017-08-31;522.0;133.0;2.49;144.8;5.12;72.33;97.0;44.0;11.0;25.5;11.19;8.77;27.8;13.8;-0.2;4.31;3.28
87466;2017;2017-09-30;889.0;364.0;3.48;173.3;5.8;77.0;98.0;62.0;50.0;105.0;11.95;10.97;27.8;14.7;1.6;4.4;3.35
87466;2017;2017-10-31;724.0;174.0;2.73;254.2;8.06;65.48;91.0;45.0;9.0;25.0;12.13;11.65;30.3;15.9;1.5;4.65;3.51
87466;2017;2017-11-30;500.0;122.0;1.21;299.1;9.09;56.73;86.0;36.0;54.0;84.0;13.02;12.65;36.3;20.65;5.0;4.07;3.14
87466;2017;2017-12-31;1616.0;96.0;1.46;298.9;8.22;64.58;94.0;41.0;72.0;180.5;17.86;16.75;40.4;25.3;10.2;3.75;2.49
87466;2017;2018-01-31;600.0;62.0;-2.27;303.0;9.43;66.1;91.0;48.0;17.0;26.5;20.7;18.37;36.2;23.9;11.6;3.4;2.19
87466;2017;2018-02-28;284.0;55.0;-3.39;298.3;9.37;63.86;85.0;52.0;7.0;12.0;20.17;17.7;37.4;21.7;6.0;2.89;1.96
87466;2017;2018-03-31;277.0;49.0;-4.75;260.2;8.58;57.71;75.0;44.0;12.0;15.0;18.13;13.03;36.3;20.4;4.5;3.3;2.68
87466;2017;2018-04-30;898.0;211.0;-3.93;146.7;4.96;77.67;98.0;53.0;56.5;146.5;15.76;17.79;39.0;21.6;4.2;2.79;2.62
87466;2017;2018-05-31;569.0;495.0;-1.91;100.4;3.79;80.5;97.0;49.0;60.5;130.0;13.36;12.56;28.8;15.0;1.2;3.27;2.47
87466;2018;2018-06-30;251.0;316.0;-1.62;116.6;5.47;70.62;89.0;50.0;0.5;0.5;10.15;5.09;23.5;9.55;-4.4;2.81;2.53
87466;2018;2018-07-31;222.0;250.0;-1.29;96.6;3.9;78.26;96.0;57.0;1.5;3.4;10.13;5.8;26.8;11.9;-3.0;3.69;2.66
87466;2018;2018-08-31;203.0;151.0;-1.11;156.3;6.32;62.74;86.0;40.0;1.5;1.5;9.85;4.55;32.0;13.3;-5.4;4.62;3.29
87466;2018;2018-09-30;476.0;111.0;-1.26;186.0;6.91;65.6;86.0;41.0;0.0;0.0;11.08;11.79;36.9;18.95;1.0;4.21;3.19
87466;2018;2018-10-31;847.0;89.0;-1.22;225.8;6.43;64.55;95.0;36.0;0.0;0.0;14.29;11.19;35.0;18.95;2.9;4.38;2.95
87466;2018;2018-11-30;1529.0;225.0;2.06;259.4;8.03;67.47;97.0;44.0;100.0;243.0;16.7;15.49;35.0;21.6;8.2;4.31;3.11
87466;2018;2018-12-31;1307.0;143.0;2.02;306.6;9.58;63.58;91.0;41.0;37.0;127.0;18.78;16.64;35.0;22.7;10.4;3.73;2.77
87466;2018;2019-01-31;1437.0;230.0;2.73;246.1;7.79;77.42;93.0;53.0;45.0;149.0;22.79;20.57;37.0;24.05;11.1;3.62;3.3
87466;2018;2019-02-28;835.0;132.0;2.09;297.0;9.91;70.29;90.0;59.0;21.0;55.5;19.91;18.65;38.0;24.15;10.3;3.42;1.96
87466;2018;2019-03-31;739.0;99.0;1.16;215.7;6.8;73.85;86.0;66.0;16.5;16.5;17.18;13.91;31.0;19.1;7.2;3.25;2.3
87466;2018;2019-04-30;678.0;81.0;0.78;168.5;5.95;78.07;99.0;65.0;27.0;84.0;14.81;15.26;33.0;19.9;6.8;3.2;2.33
87466;2018;2019-05-31;519.0;74.0;0.95;106.3;0.0;80.0;80.0;80.0;0.0;0.0;13.19;14.2;24.5;15.65;6.8;3.3;1.9
