omm_id;hydro_year;Date;ETreal_mm;HumedadSuelo_mm;IndicePalmer_porc;RadSolar_Wpm2;prcp_PMDA;prcp_PTA;pres_est;tmax;tmed;tmin;vmax_f
1;1957;1958-01-31;1135.0;51.0;0.59;288.0;12.0;37.6;13.79;26.7;19.15;11.6;3.98
1;1957;1958-02-28;791.0;48.0;0.69;243.4;19.3;78.7;14.54;26.3;19.3;12.3;3.95
1;1957;1958-03-31;781.0;45.0;-0.16;207.3;159.0;238.9;12.24;22.9;15.9;8.9;4.13
1;1957;1958-04-30;276.0;43.0;-0.61;154.5;48.0;80.0;10.06;19.9;13.45;7.0;3.71
1;1957;1958-05-31;181.0;40.0;-0.78;111.6;6.1;6.1;6.63;15.8;8.9;2.0;3.96
1;1958;1958-06-30;178.0;38.0;-0.43;102.2;10.0;18.3;6.36;14.3;8.3;2.3;3.8
1;1958;1958-07-31;417.0;36.0;0.61;95.4;7.8;14.3;6.7;17.1;10.9;4.7;4.51
1;1958;1958-08-31;210.0;35.0;0.84;152.5;13.1;34.2;4.58;14.6;6.35;-1.9;4.57
1;1958;1958-09-30;449.0;33.0;1.08;191.2;18.0;40.2;6.13;18.8;11.05;3.3;5.26
1;1958;1958-10-31;353.0;32.0;-0.77;228.5;20.5;73.8;8.63;21.1;14.5;7.9;4.37
1;1958;1958-11-30;934.0;31.0;0.31;253.2;40.0;103.0;10.19;23.9;16.85;9.8;5.28
1;1958;1958-12-31;787.0;30.0;-0.09;269.7;39.0;127.8;10.14;23.5;16.45;9.4;4.13
1;1958;1959-01-31;679.0;28.0;-0.63;259.8;85.0;220.5;13.55;24.2;17.5;10.8;3.65
1;1959;1959-10-31;674.0;21.0;1.99;228.8;14.0;32.4;7.82;21.3;13.05;4.8;4.69
1;1959;1959-11-30;999.0;21.0;2.39;243.5;48.5;144.0;9.93;23.8;15.85;7.9;4.62
1;1959;1959-12-31;820.0;20.0;2.02;284.6;53.0;233.9;12.24;25.8;18.55;11.3;3.9
1;1959;1960-01-31;905.0;20.0;1.71;284.3;72.0;142.8;15.22;28.5;20.65;12.8;3.89
1;1959;1960-02-29;455.0;19.0;0.31;242.5;40.0;78.3;14.45;29.2;20.5;11.8;3.52
1;1959;1960-03-31;859.0;19.0;-0.53;222.1;21.0;40.2;11.81;24.9;15.9;6.9;3.45
1;1959;1960-04-30;157.0;18.0;-1.75;154.8;20.5;45.1;9.77;20.0;13.2;6.4;3.99
1;1959;1960-05-31;111.0;18.0;-2.08;116.8;8.0;8.0;6.98;17.7;9.55;1.4;4.06
1;1960;1960-06-30;212.0;18.0;-1.57;101.7;11.0;19.4;6.11;13.2;7.3;1.4;3.71
1;1960;1960-07-31;396.0;17.0;-0.69;115.1;9.0;18.5;4.93;12.6;5.4;-1.8;4.0
1;1960;1960-08-31;46.0;17.0;-1.0;153.0;0.0;0.0;5.39;16.2;8.6;1.0;4.28
1;1960;1960-09-30;303.0;17.0;-1.0;193.9;38.0;43.0;5.96;19.7;11.4;3.1;4.63
1;1960;1960-10-31;1099.0;16.0;1.37;204.2;47.0;162.3;8.03;20.8;12.95;5.1;4.74
1;1960;1960-11-30;945.0;16.0;1.62;272.5;38.2;74.2;10.93;24.7;16.35;8.0;4.58
1;1960;1960-12-31;715.0;16.0;0.92;286.2;49.0;112.4;13.01;28.5;19.9;11.3;3.89
1;1960;1961-01-31;947.0;15.0;0.84;277.0;97.0;348.1;14.42;27.8;20.1;12.4;4.39
1;1960;1961-02-28;740.0;15.0;0.87;232.5;27.1;95.2;13.52;25.6;18.65;11.7;3.57
1;1960;1961-03-31;1242.0;209.0;2.1;217.4;64.0;208.8;11.69;22.8;15.9;9.0;4.14
1;1960;1961-04-30;461.0;158.0;2.46;155.2;4.0;4.0;9.56;19.4;12.4;5.4;3.55
1;1960;1961-05-31;617.0;133.0;3.23;118.8;0.0;0.0;8.32;17.9;11.5;5.1;3.86
1;1961;1961-09-30;183.0;76.0;0.86;191.8;21.0;41.0;5.71;18.4;10.4;2.4;5.06
1;1961;1961-10-31;1362.0;122.0;2.49;238.9;86.5;297.1;8.76;20.2;13.85;7.5;4.67
1;1961;1962-01-31;781.0;79.0;2.44;284.1;81.4;185.8;13.61;26.5;18.95;11.4;3.99
1;1961;1962-02-28;393.0;71.0;1.45;217.0;29.0;109.9;13.96;26.9;18.9;10.9;3.26
1;1961;1962-03-31;893.0;65.0;1.17;231.5;51.0;139.0;14.41;26.1;18.2;10.3;3.39
1;1961;1962-04-30;310.0;59.0;0.77;152.7;15.0;15.0;9.25;18.3;11.9;5.5;3.86
1;1961;1962-05-31;151.0;55.0;-1.26;120.7;21.0;21.0;7.48;16.1;9.05;2.0;3.83
1;1962;1962-07-31;416.0;118.0;1.28;108.2;11.0;20.5;4.31;9.9;3.4;-3.1;4.34
1;1962;1962-10-31;500.0;68.0;-0.59;231.8;59.0;59.0;8.24;20.8;13.4;6.0;4.55
1;1962;1962-11-30;802.0;61.0;-0.77;272.0;11.0;21.0;12.13;26.5;19.05;11.6;4.84
1;1962;1962-12-31;846.0;55.0;-1.12;291.7;50.0;161.0;12.15;26.8;19.45;12.1;3.95
1;1962;1963-01-31;849.0;51.0;-1.15;286.2;45.0;118.0;14.24;26.0;19.25;12.5;4.02
1;1962;1963-02-28;715.0;47.0;-1.16;247.4;50.0;137.0;13.08;26.0;19.2;12.4;3.81
1;1963;1963-11-30;1176.0;29.0;1.3;266.9;23.5;48.4;8.57;21.1;14.0;6.9;5.69
1;1963;1963-12-31;1121.0;28.0;1.74;284.2;53.0;124.4;11.6;24.8;17.9;11.0;4.45
1;1963;1964-01-31;749.0;27.0;1.05;286.6;33.2;196.0;14.2;27.5;19.75;12.0;4.44
1;1963;1964-02-29;395.0;26.0;-1.55;250.0;13.4;40.6;13.96;27.5;19.95;12.4;4.6
1;1964;1964-09-30;530.0;22.0;0.4;186.3;27.0;74.5;6.39;19.0;10.95;2.9;4.89
1;1964;1964-10-31;1264.0;26.0;2.01;226.3;78.0;230.10000000000002;7.56;18.6;11.9;5.2;4.98
1;1964;1964-11-30;717.0;25.0;1.75;268.7;42.5;195.0;10.45;23.1;16.05;9.0;5.49
1;1964;1964-12-31;1060.0;24.0;2.01;274.5;28.1;156.5;11.29;25.2;17.7;10.2;4.45
1;1964;1965-01-31;742.0;23.0;1.25;287.3;16.0;69.7;14.06;27.6;19.9;12.2;4.33
1;1964;1965-02-28;656.0;22.0;0.79;261.4;30.0;67.3;14.62;28.0;20.1;12.2;3.52
1;1964;1965-03-31;337.0;22.0;-2.13;210.5;10.3;17.200000000000003;12.24;24.0;16.0;8.0;4.23
1;1964;1965-04-30;316.0;21.0;-2.31;166.3;33.1;63.900000000000006;9.43;20.3;12.75;5.2;4.07
1;1964;1965-05-31;115.0;20.0;-2.51;123.4;5.7;10.0;6.97;16.1;9.15;2.2;4.03
1;1965;1965-06-30;170.0;19.0;-2.18;96.4;2.2;3.6;7.49;16.1;10.6;5.1;3.76
1;1965;1965-07-31;125.0;19.0;-2.22;117.0;0.0;0.0;5.14;12.9;6.1;-0.7;4.62
1;1965;1965-08-31;160.0;18.0;-1.96;156.2;46.5;70.5;5.48;16.2;8.75;1.3;4.3
1;1965;1965-09-30;210.0;18.0;-2.11;208.3;25.8;25.8;5.58;18.4;10.25;2.1;4.84
1;1965;1965-10-31;701.0;18.0;-2.06;254.2;22.4;29.599999999999998;8.93;22.6;14.75;6.9;5.46
1;1965;1965-11-30;706.0;17.0;-2.19;267.1;41.5;81.2;10.63;25.0;17.7;10.4;5.07
1;1965;1965-12-31;656.0;17.0;-2.62;291.1;60.0;135.9;11.12;24.9;18.0;11.1;5.17
1;1965;1966-01-31;1130.0;17.0;-1.83;284.3;49.9;271.2;14.24;26.8;19.65;12.5;4.28
1;1965;1966-02-28;646.0;16.0;-1.89;248.9;178.0;186.5;12.06;24.9;17.35;9.8;4.34
1;1965;1966-03-31;830.0;16.0;-1.89;221.5;64.0;138.5;12.63;23.6;16.1;8.6;4.52
1;1965;1966-04-30;828.0;40.0;0.27;142.1;29.1;132.1;9.85;18.8;13.25;7.7;4.02
1;1965;1966-05-31;107.0;38.0;-0.09;121.9;7.0;7.0;7.94;18.4;10.9;3.4;4.28
1;1966;1966-06-30;79.0;36.0;-0.78;112.9;1.2;1.2;6.49;15.1;9.2;3.3;4.43
1;1966;1966-07-31;239.0;34.0;-0.4;119.7;0.0;0.0;5.35;13.8;6.9;0.0;4.41
1;1966;1966-08-31;26.0;32.0;-1.06;160.7;0.0;0.0;4.88;15.8;7.55;-0.7;5.09
1;1966;1966-09-30;46.0;31.0;-1.76;198.4;5.0;10.4;5.71;18.3;10.2;2.1;5.07
1;1966;1966-10-31;288.0;29.0;-2.67;252.0;12.6;27.7;8.28;21.6;13.9;6.2;5.54
1;1966;1966-11-30;1478.0;28.0;-0.57;257.7;50.0;163.5;10.63;23.8;17.3;10.8;5.38
1;1966;1966-12-31;1048.0;27.0;1.68;288.4;0.0;0.0;10.61;23.9;17.2;10.5;4.51
1;1966;1967-01-31;516.0;26.0;-0.63;291.4;32.5;111.6;14.33;27.9;19.9;11.9;4.43
1;1966;1967-02-28;616.0;25.0;-1.5;256.9;57.5;135.5;14.05;27.5;19.5;11.5;3.83
1;1966;1967-03-31;590.0;24.0;-2.06;222.6;49.0;138.9;12.33;23.4;15.95;8.5;3.67
1;1966;1967-04-30;345.0;23.0;-2.16;160.4;45.5;89.3;11.56;22.5;15.2;7.9;3.53
1;1966;1967-05-31;190.0;23.0;-2.29;120.7;3.0;6.0;9.27;19.7;13.75;7.8;4.38
1;1967;1967-06-30;12.0;22.0;-2.37;116.1;0.0;0.0;4.68;10.3;3.1;-4.1;3.92
1;1967;1967-07-31;223.0;21.0;-2.08;122.7;6.5;13.5;5.18;13.7;6.8;-0.1;4.43
1;1967;1967-08-31;129.0;21.0;-1.97;155.6;13.5;19.0;5.31;15.9;8.3;0.7;4.55
1;1967;1967-09-30;2100.0;357.0;4.82;402.20000000000005;39.6;106.4;14.46;37.5;23.95;10.4;10.24
1;1967;1967-10-31;0.0;0.0;0.0;0.0;32.1;155.7;0.0;0.0;0.0;0.0;0.0
1;1967;1967-11-30;786.0;211.0;3.49;261.8;55.2;153.0;9.84;23.4;16.2;9.0;4.96
1;1967;1967-12-31;576.0;160.0;2.08;279.0;90.5;164.2;13.48;29.1;21.25;13.4;4.45
1;1967;1968-01-31;723.0;130.0;1.2;270.0;24.3;70.9;13.61;28.0;19.95;11.9;4.74
1;1967;1968-02-29;557.0;109.0;-2.11;236.6;0.0;0.0;14.1;28.5;20.65;12.8;4.1
1;1967;1968-03-31;891.0;95.0;-1.88;201.4;83.1;192.3;11.73;22.9;15.7;8.5;4.42
1;1967;1968-04-30;147.0;84.0;-2.5;159.5;11.2;25.2;8.71;19.9;11.85;3.8;3.88
1;1967;1968-05-31;44.0;75.0;-2.95;129.3;0.0;0.0;6.97;17.9;9.35;0.8;3.8
1;1968;1968-06-30;343.0;68.0;-1.83;98.6;38.6;50.5;6.11;12.2;7.45;2.7;3.52
1;1968;1968-07-31;40.0;62.0;-2.29;114.7;0.0;0.0;6.35;16.1;9.65;3.2;4.37
1;1968;1968-08-31;388.0;58.0;-1.26;133.3;17.5;17.5;5.82;16.6;9.6;2.6;4.7
1;1968;1968-09-30;187.0;54.0;-1.55;180.5;14.2;28.9;6.3;19.1;11.45;3.8;5.25
1;1968;1969-03-31;856.0;38.0;-2.47;208.1;35.0;153.2;13.09;23.9;17.0;10.1;4.45
1;1968;1969-04-30;482.0;36.0;-2.25;158.6;8.4;13.1;11.07;22.7;15.0;7.3;4.1
1;1968;1969-05-31;398.0;34.0;-1.62;116.1;17.0;56.1;8.4;17.6;11.7;5.8;4.12
1;1969;1969-06-30;392.0;33.0;0.59;98.7;24.4;35.3;5.94;13.4;7.0;0.6;4.83
1;1969;1969-07-31;95.0;32.0;0.09;120.9;0.0;0.0;5.69;14.9;7.9;0.9;4.66
1;1969;1969-08-31;59.0;30.0;-0.66;147.4;11.2;11.2;5.1;15.3;7.15;-1.0;4.61
1;1969;1969-09-30;200.0;29.0;-1.21;197.6;9.1;17.2;6.93;20.3;12.15;4.0;5.0
1;1969;1969-10-31;343.0;28.0;-2.05;222.6;2.3;5.3;8.16;21.7;13.95;6.2;6.25
1;1969;1969-11-30;749.0;27.0;-2.02;259.4;24.8;92.0;11.07;24.5;17.25;10.0;5.7
1;1969;1969-12-31;736.0;26.0;-2.35;260.5;99.6;186.29999999999998;13.01;28.3;20.95;13.6;4.75
1;1969;1970-01-31;1072.0;25.0;-1.71;274.8;49.2;167.6;13.7;26.0;19.2;12.4;4.9
1;1969;1970-02-28;573.0;24.0;-2.1;234.3;68.1;187.20000000000002;15.51;28.7;20.75;12.8;4.62
1;1969;1970-03-31;770.0;24.0;-2.21;202.2;60.5;227.5;12.84;23.8;17.15;10.5;4.39
1;1969;1970-04-30;284.0;23.0;-2.63;152.0;0.0;0.0;12.42;24.9;17.4;9.9;4.06
1;1969;1970-05-31;296.0;22.0;-2.27;119.7;19.4;41.0;7.24;17.0;10.1;3.2;3.96
1;1970;1970-06-30;23.0;22.0;-2.48;109.1;0.0;0.0;5.77;13.0;6.75;0.5;4.37
1;1970;1970-07-31;61.0;21.0;-2.86;118.9;0.0;0.0;5.18;15.5;7.55;-0.4;5.07
1;1970;1970-08-31;27.0;21.0;-3.03;137.0;0.0;0.0;5.22;16.4;8.2;0.0;4.88
1;1970;1970-09-30;266.0;20.0;-3.04;190.8;3.9;3.9;7.24;22.1;13.8;5.5;5.5
1;1970;1970-10-31;581.0;20.0;-2.97;226.2;42.2;93.2;7.99;19.9;13.05;6.2;5.47
1;1970;1970-11-30;507.0;19.0;-3.48;263.3;93.2;125.10000000000001;10.1;24.3;16.45;8.6;5.86
1;1970;1970-12-31;653.0;19.0;-3.95;282.6;82.0;113.8;12.53;28.1;20.2;12.3;5.12
1;1970;1971-01-31;1314.0;18.0;-2.41;285.2;54.0;218.2;13.16;24.7;17.75;10.8;4.54
1;1970;1971-02-28;633.0;18.0;-2.48;258.0;10.8;31.0;12.64;25.6;18.25;10.9;3.97
1;1970;1971-03-31;696.0;18.0;-2.7;217.2;53.7;113.8;12.24;23.6;16.25;8.9;3.68
1;1970;1971-04-30;310.0;17.0;-2.74;153.4;27.2;36.8;8.16;18.1;10.95;3.8;4.09
1;1970;1971-05-31;57.0;17.0;-3.08;131.6;3.0;4.0;6.97;16.6;8.85;1.1;3.9
1;1971;1971-06-30;39.0;17.0;-3.06;104.2;3.7;3.7;4.98;10.9;4.3;-2.3;4.25
1;1971;1971-07-31;248.0;16.0;-2.71;117.9;9.1;9.1;6.02;16.9;9.3;1.7;4.29
1;1971;1971-08-31;81.0;16.0;-2.72;151.6;7.9;14.5;5.48;17.2;9.1;1.0;4.68
1;1971;1971-09-30;197.0;16.0;-2.87;192.9;5.8;10.6;7.36;20.7;13.05;5.4;5.15
1;1971;1971-10-31;438.0;15.0;-3.32;241.7;32.3;40.599999999999994;8.42;22.4;14.95;7.5;4.99
1;1971;1971-11-30;353.0;15.0;-4.44;271.7;7.0;22.7;11.82;28.1;19.9;11.7;5.26
1;1971;1971-12-31;464.0;15.0;-5.56;300.6;6.5;23.9;14.07;31.1;22.4;13.7;5.24
1;1971;1972-01-31;822.0;15.0;-5.48;277.7;58.5;165.9;15.86;30.1;22.05;14.0;4.54
1;1971;1972-02-29;542.0;14.0;-5.46;229.0;31.8;98.1;15.25;28.1;20.3;12.5;4.2
1;1971;1972-03-31;751.0;14.0;-5.13;199.9;49.0;134.5;12.24;22.6;15.55;8.5;4.51
1;1971;1972-04-30;547.0;14.0;-4.37;162.0;30.5;85.1;9.43;19.9;12.6;5.3;4.11
1;1971;1972-05-31;57.0;14.0;-4.59;115.4;3.2;3.2;8.23;17.3;11.55;5.8;4.48
1;1972;1972-06-30;159.0;13.0;-4.06;95.4;0.0;0.0;6.28;13.5;8.5;3.5;3.84
1;1972;1972-07-31;116.0;13.0;-3.98;120.1;4.5;4.5;5.1;13.6;6.35;-0.9;4.84
1;1972;1972-08-31;420.0;13.0;-2.63;140.1;10.2;26.5;4.96;14.0;7.2;0.4;5.28
1;1972;1972-09-30;660.0;13.0;-1.38;180.6;27.4;82.1;6.47;18.0;10.9;3.8;5.59
1;1972;1972-10-31;486.0;13.0;-1.64;213.0;14.0;49.9;7.9;19.3;12.55;5.8;5.82
1;1972;1972-11-30;1261.0;12.0;2.35;255.9;64.8;196.8;9.57;21.9;15.15;8.4;5.27
1;1972;1972-12-31;1585.0;12.0;3.81;271.5;85.9;292.8;12.15;25.9;19.0;12.1;3.94
1;1972;1973-01-31;888.0;12.0;3.35;273.9;23.5;82.1;15.45;27.3;20.15;13.0;4.78
1;1972;1973-02-28;684.0;12.0;2.9;244.0;23.0;49.300000000000004;14.31;25.7;18.75;11.8;4.48
1;1972;1973-03-31;1142.0;399.0;4.32;189.3;80.2;246.1;13.27;22.9;16.9;10.9;4.29
1;1972;1973-04-30;617.0;270.0;4.83;135.8;36.4;99.1;9.55;18.3;12.6;6.9;4.07
1;1972;1973-05-31;180.0;189.0;4.04;116.0;6.2;6.2;7.36;15.6;9.1;2.6;4.35
1;1973;1973-06-30;388.0;148.0;4.49;101.0;19.5;43.1;6.36;13.7;7.75;1.8;4.69
1;1973;1973-07-31;399.0;138.0;4.89;119.1;14.0;15.0;4.89;9.9;4.3;-1.3;4.65
1;1973;1973-08-31;49.0;114.0;4.0;153.2;0.0;0.0;5.39;15.6;7.65;-0.3;4.83
1;1973;1973-09-30;122.0;98.0;3.02;190.3;10.0;10.0;5.88;17.8;9.85;1.9;5.41
1;1973;1973-10-31;553.0;86.0;2.28;225.7;9.0;18.3;8.5;21.2;14.1;7.0;6.25
1;1973;1973-11-30;618.0;77.0;1.74;235.6;30.9;97.1;10.01;23.0;15.8;8.6;5.05
1;1973;1973-12-31;851.0;70.0;1.53;264.4;79.8;167.4;11.08;25.5;18.05;10.6;4.13
1;1973;1974-02-28;914.0;59.0;1.63;244.0;34.0;121.89999999999999;11.84;24.1;17.8;11.5;4.48
1;1973;1974-03-31;868.0;54.0;1.46;189.3;34.5;112.5;12.16;23.6;16.3;9.0;4.29
1;1973;1974-04-30;133.0;50.0;-1.32;135.8;23.5;33.2;10.19;22.0;14.55;7.1;4.07
1;1973;1974-05-31;701.0;77.0;1.51;116.0;29.0;62.4;7.9;16.3;10.2;4.1;4.35
1;1974;1974-06-30;52.0;69.0;1.21;101.0;1.3;1.3;5.77;13.6;6.65;-0.3;4.69
1;1974;1974-07-31;538.0;63.0;2.2;119.1;14.3;28.900000000000002;5.76;13.3;7.65;2.0;4.65
1;1974;1974-08-31;161.0;58.0;1.99;153.2;20.6;30.9;5.31;15.6;7.75;-0.1;4.83
1;1974;1974-09-30;197.0;53.0;1.46;190.3;22.0;47.5;5.37;16.2;9.15;2.1;5.41
1;1974;1974-10-31;662.0;50.0;1.1;225.7;87.5;167.29999999999998;8.5;21.8;14.15;6.5;6.25
1;1974;1974-11-30;438.0;47.0;-1.4;247.4;32.7;72.6;10.76;25.5;17.15;8.8;5.34
1;1974;1974-12-31;827.0;44.0;-1.43;292.8;52.9;204.1;10.61;24.5;17.35;10.2;4.5
1;1974;1975-01-31;986.0;41.0;-1.27;292.3;51.0;164.0;14.33;26.8;19.8;12.8;5.54
1;1974;1975-02-28;549.0;39.0;-1.64;232.5;59.5;125.0;13.61;26.6;19.0;11.4;4.24
1;1974;1975-03-31;1201.0;632.0;2.28;230.1;33.0;162.0;12.33;21.9;15.65;9.4;4.28
1;1974;1975-04-30;589.0;276.0;2.54;172.3;9.0;13.5;9.68;20.2;13.4;6.6;4.43
1;1974;1975-05-31;418.0;193.0;2.67;119.8;1.5;3.5;7.39;16.2;10.35;4.5;4.49
1;1975;1975-06-30;235.0;150.0;2.66;119.5;11.5;13.5;6.99;15.3;10.05;4.8;4.09
1;1975;1975-07-31;48.0;124.0;1.92;114.1;0.5;0.5;4.98;12.8;5.1;-2.6;4.07
1;1975;1975-08-31;408.0;105.0;2.66;149.9;29.5;70.0;4.71;13.2;6.35;-0.5;4.77
1;1975;1975-09-30;444.0;92.0;2.76;173.4;21.6;38.7;6.05;18.1;10.65;3.2;4.98
1;1975;1975-10-31;524.0;82.0;2.04;232.6;6.0;14.5;8.21;21.2;13.65;6.1;5.15
1;1975;1975-11-30;555.0;74.0;1.09;280.7;45.0;101.5;9.4;23.7;15.95;8.2;5.73
1;1975;1975-12-31;439.0;67.0;-2.49;281.7;19.5;53.5;13.39;30.5;21.8;13.1;4.91
1;1975;1976-01-31;656.0;62.0;-3.16;286.4;40.0;96.0;13.97;28.5;20.75;13.0;4.79
1;1975;1976-02-29;1014.0;57.0;-2.24;255.8;63.9;224.5;13.34;25.9;18.9;11.9;4.68
1;1975;1976-03-31;334.0;53.0;-3.38;218.9;53.6;63.0;10.79;21.6;14.65;7.7;4.73
1;1975;1976-04-30;348.0;49.0;-3.41;165.9;20.3;43.1;8.75;20.0;12.0;4.0;4.65
1;1975;1976-05-31;305.0;46.0;-2.9;121.4;15.0;26.5;7.31;15.6;9.35;3.1;4.53
1;1976;1976-06-30;25.0;43.0;-3.07;95.0;3.5;3.5;5.61;13.4;6.55;-0.3;4.46
1;1976;1976-07-31;80.0;41.0;-3.17;125.0;4.0;4.0;5.26;13.9;6.6;-0.7;4.26
1;1976;1976-08-31;491.0;39.0;-1.62;142.6;9.0;30.1;5.01;13.8;7.4;1.0;4.47
1;1976;1976-09-30;432.0;37.0;-1.14;197.8;19.0;44.5;5.79;17.7;10.45;3.2;4.96
1;1976;1976-10-31;958.0;36.0;1.89;236.7;45.0;125.6;8.24;20.2;13.4;6.6;5.2
1;1976;1976-11-30;1380.0;34.0;3.1;281.9;37.2;164.9;10.89;23.8;16.75;9.7;5.0
1;1976;1976-12-31;1383.0;33.0;3.88;295.0;54.5;234.6;12.37;25.2;18.45;11.7;5.32
1;1976;1977-01-31;1072.0;31.0;3.85;284.3;34.5;172.5;14.15;26.3;19.65;13.0;4.58
1;1976;1977-02-28;840.0;30.0;3.73;249.1;18.5;74.7;12.99;25.2;18.7;12.2;3.71
1;1976;1977-03-31;716.0;29.0;2.83;225.2;25.5;87.4;12.67;23.3;16.65;10.0;4.55
1;1976;1977-04-30;357.0;28.0;2.18;161.8;23.0;53.1;9.81;21.2;13.9;6.6;4.26
1;1976;1977-05-31;98.0;27.0;1.45;120.2;5.0;7.0;7.1;16.7;9.2;1.7;4.17
1;1977;1977-06-30;232.0;26.0;1.63;113.4;7.8;14.3;6.36;14.3;8.5;2.7;3.79
1;1977;1977-07-31;68.0;25.0;0.99;113.9;2.5;2.5;5.69;14.1;7.3;0.5;4.65
1;1977;1977-08-31;139.0;24.0;0.78;153.3;10.0;14.5;5.48;16.6;9.05;1.5;5.19
1;1977;1977-09-30;165.0;23.0;-1.56;184.4;10.0;14.2;7.15;21.5;13.15;4.8;4.58
1;1977;1977-10-31;1155.0;23.0;0.37;232.6;91.5;134.0;9.1;22.7;15.55;8.4;5.45
1;1977;1977-11-30;437.0;22.0;-1.23;259.0;23.8;67.7;11.02;25.6;17.75;9.9;5.52
1;1977;1977-12-31;1394.0;21.0;1.17;281.8;144.0;307.5;11.89;25.2;18.9;12.6;4.55
1;1977;1978-01-31;1218.0;21.0;1.93;284.6;48.0;219.8;12.8;24.5;18.25;12.0;4.0
1;1977;1978-02-28;1171.0;20.0;2.96;232.8;135.0;213.2;13.17;25.0;18.15;11.3;3.82
1;1977;1978-03-31;1188.0;63.0;3.57;211.4;27.5;145.0;12.42;22.0;16.25;10.5;4.45
1;1977;1978-04-30;231.0;57.0;2.85;164.7;24.0;39.3;10.35;21.3;13.75;6.2;4.02
1;1977;1978-05-31;77.0;52.0;2.01;118.4;11.0;19.5;8.32;17.7;10.55;3.4;4.02
1;1978;1978-06-30;177.0;48.0;1.94;96.3;10.2;15.7;5.69;12.9;6.35;-0.2;4.19
1;1978;1978-07-31;158.0;45.0;1.56;131.4;7.5;9.0;6.39;14.6;9.0;3.4;4.24
1;1978;1978-08-31;18.0;42.0;0.96;148.2;2.0;3.3;4.53;14.0;6.35;-1.3;4.43
1;1978;1978-09-30;935.0;39.0;2.56;188.8;57.0;127.1;6.9;19.9;12.25;4.6;4.89
1;1978;1978-10-31;648.0;37.0;2.2;240.6;24.7;91.5;8.67;19.8;13.6;7.4;5.76
1;1978;1978-11-30;740.0;36.0;1.79;265.3;38.8;116.19999999999999;11.07;23.8;16.9;10.0;5.91
1;1978;1978-12-31;1018.0;34.0;1.95;260.6;58.3;176.7;12.58;25.5;19.0;12.5;4.9
1;1978;1979-01-31;1277.0;32.0;2.74;273.1;69.6;416.59999999999997;14.42;26.3;19.75;13.2;4.04
1;1978;1979-02-28;1321.0;96.0;4.18;241.8;102.5;259.2;12.9;25.0;18.2;11.4;3.84
1;1978;1979-03-31;406.0;79.0;2.7;211.9;30.5;55.1;11.64;22.9;15.95;9.0;4.23
1;1978;1979-04-30;647.0;69.0;2.94;171.5;52.0;173.2;8.79;18.9;11.55;4.2;3.77
1;1978;1979-05-31;105.0;61.0;2.14;137.4;18.0;29.2;7.82;17.4;9.8;2.2;3.93
1;1979;1979-06-30;538.0;56.0;3.37;116.2;31.0;37.5;5.36;14.3;6.65;-1.0;3.86
1;1979;1979-07-31;321.0;51.0;3.39;113.8;27.5;43.7;6.19;14.6;8.5;2.4;4.64
1;1979;1979-08-31;222.0;47.0;3.26;139.2;1.5;4.8;6.51;17.0;10.4;3.8;4.42
1;1979;1979-09-30;214.0;44.0;2.71;188.2;23.0;40.7;5.54;16.0;8.95;1.9;4.86
1;1979;1979-10-31;501.0;41.0;2.02;220.8;31.3;62.699999999999996;8.33;20.8;13.65;6.5;4.75
1;1979;1979-11-30;994.0;38.0;2.48;251.8;45.8;137.6;9.4;21.0;14.55;8.1;5.46
1;1979;1979-12-31;900.0;36.0;2.38;249.3;62.5;271.5;10.82;24.1;17.6;11.1;4.53
1;1979;1980-01-31;446.0;34.0;-0.74;321.1;59.0;81.1;14.21;29.6;21.4;13.2;3.79
1;1979;1980-02-29;1006.0;33.0;-0.09;268.2;135.0;246.7;13.91;26.8;19.2;11.6;3.92
1;1979;1980-03-31;916.0;31.0;-0.26;218.2;75.0;177.9;14.89;26.2;19.45;12.7;4.27
1;1979;1980-04-30;874.0;170.0;1.97;143.1;41.0;130.2;9.51;19.4;13.35;7.3;4.01
1;1979;1980-05-31;383.0;135.0;2.6;125.5;13.0;23.9;8.11;17.2;11.35;5.5;4.14
1;1980;1980-06-30;202.0;113.0;2.48;111.5;4.5;9.6;5.44;11.8;5.85;-0.1;4.62
1;1980;1980-07-31;84.0;97.0;1.75;130.8;0.0;0.0;5.26;14.4;6.3;-1.8;4.44
1;1980;1980-08-31;44.0;86.0;1.09;167.4;0.0;0.0;5.57;17.1;9.05;1.0;4.98
1;1980;1980-09-30;108.0;77.0;-1.61;222.4;8.5;8.5;6.39;20.5;11.7;2.9;5.79
1;1980;1980-10-31;721.0;70.0;-1.42;218.3;46.2;77.2;8.07;20.6;13.65;6.7;5.43
1;1980;1980-11-30;925.0;63.0;-1.07;290.3;55.3;135.1;10.01;23.3;16.0;8.7;5.79
1;1980;1980-12-31;1072.0;58.0;-0.69;301.3;58.2;175.8;12.2;26.4;19.2;12.0;4.48
1;1980;1981-01-31;1545.0;348.0;3.01;260.2;90.0;368.3;13.43;24.5;18.2;11.9;4.19
1;1980;1981-02-28;777.0;218.0;3.04;257.6;26.3;69.0;13.7;25.9;19.35;12.8;4.61
1;1980;1981-03-31;929.0;164.0;2.57;240.4;52.5;162.0;13.1;24.0;17.05;10.1;4.33
1;1980;1981-04-30;804.0;328.0;3.8;136.8;39.0;140.6;10.06;19.3;13.25;7.2;3.7
1;1980;1981-05-31;419.0;212.0;4.12;105.5;0.0;0.0;8.57;18.3;12.45;6.6;4.52
1;1981;1981-06-30;93.0;160.0;3.41;114.0;0.0;0.0;5.69;12.9;6.05;-0.8;3.76
1;1981;1981-07-31;134.0;130.0;2.73;124.8;5.0;12.0;5.44;13.9;6.6;-0.7;4.75
1;1981;1981-08-31;59.0;110.0;2.03;146.6;0.0;0.0;6.0;17.3;10.05;2.8;4.71
1;1981;1981-09-30;101.0;95.0;1.12;208.0;6.0;7.5;5.62;18.6;10.2;1.8;5.24
1;1981;1981-10-31;530.0;84.0;-0.29;214.6;33.7;65.3;8.06;20.9;13.75;6.6;5.18
1;1981;1981-11-30;1326.0;76.0;1.8;255.3;25.5;140.0;10.18;22.6;15.75;8.9;5.13
1;1981;1981-12-31;665.0;68.0;1.03;302.0;32.2;184.8;12.87;25.7;18.7;11.7;4.71
1;1981;1982-01-31;1011.0;63.0;0.93;312.6;23.9;62.9;13.97;27.1;19.75;12.4;4.71
1;1981;1982-02-28;623.0;58.0;0.37;246.8;19.2;109.6;13.34;25.1;18.1;11.1;4.06
1;1981;1982-03-31;986.0;54.0;0.44;233.2;31.2;142.0;11.95;23.7;16.35;9.0;3.95
1;1981;1982-04-30;764.0;50.0;1.35;156.4;25.3;87.5;10.69;20.3;14.0;7.7;4.36
1;1981;1982-05-31;205.0;47.0;0.88;132.8;12.8;20.8;8.61;18.5;11.65;4.8;4.5
1;1982;1982-06-30;180.0;44.0;1.06;81.6;8.1;21.4;5.69;11.4;6.8;2.2;4.02
1;1982;1982-07-31;209.0;42.0;0.99;105.7;8.6;12.7;5.77;13.7;7.4;1.1;4.18
1;1982;1982-08-31;60.0;40.0;0.1;163.1;2.8;2.8;5.74;16.6;9.25;1.9;5.28
1;1982;1982-09-30;543.0;38.0;0.97;148.1;37.0;78.9;6.56;18.6;12.15;5.7;5.74
1;1982;1982-10-31;420.0;36.0;-0.85;260.3;3.2;3.7;8.54;22.2;14.5;6.8;5.59
1;1982;1982-11-30;731.0;34.0;-0.98;261.1;45.0;110.3;9.75;23.8;16.35;8.9;5.42
1;1982;1982-12-31;580.0;33.0;-1.81;284.7;22.3;58.8;12.19;27.2;20.1;13.0;4.65
1;1982;1983-01-31;1400.0;31.0;1.41;246.7;50.5;214.2;13.97;25.9;19.4;12.9;4.27
1;1982;1983-02-28;699.0;30.0;1.3;224.2;64.5;215.0;12.99;24.2;17.95;11.7;4.36
1;1982;1983-03-31;293.0;29.0;-1.43;203.1;12.9;35.9;13.27;23.3;16.65;10.0;4.86
1;1982;1983-04-30;369.0;28.0;-1.51;157.6;11.5;16.9;9.97;20.3;13.65;7.0;3.82
1;1982;1983-05-31;527.0;27.0;0.91;109.8;9.0;28.6;7.56;15.1;9.3;3.5;4.22
1;1983;1983-06-30;89.0;26.0;-0.03;111.4;14.9;18.6;4.94;11.4;4.45;-2.5;3.55
1;1983;1983-07-31;186.0;25.0;0.67;118.4;12.3;15.700000000000001;4.85;12.0;5.05;-1.9;4.03
1;1983;1983-08-31;446.0;25.0;1.64;147.2;18.0;30.5;4.88;13.8;7.05;0.3;5.32
1;1983;1983-09-30;301.0;24.0;1.42;190.6;17.1;53.1;5.71;17.7;9.85;2.0;5.28
1;1983;1983-10-31;954.0;23.0;1.63;240.5;23.4;34.5;9.22;23.2;15.75;8.3;5.85
1;1983;1983-11-30;736.0;22.0;1.28;272.8;36.2;109.7;10.91;24.4;17.15;9.9;4.81
1;1983;1983-12-31;945.0;22.0;1.04;286.0;44.8;190.2;13.69;28.6;21.1;13.6;4.66
1;1983;1984-01-31;1214.0;21.0;1.76;262.3;168.5;266.2;14.52;27.1;20.3;13.5;3.87
1;1983;1984-02-29;1347.0;65.0;3.26;222.3;41.8;166.7;13.71;26.3;19.6;12.9;4.23
1;1983;1984-03-31;1145.0;85.0;3.89;194.4;77.5;330.6;12.38;22.1;16.25;10.4;4.37
1;1983;1984-04-30;234.0;72.0;3.28;173.0;15.0;19.0;8.79;18.6;11.8;5.0;4.32
1;1983;1984-05-31;167.0;63.0;2.61;122.4;5.163;0.0;7.06;16.5;9.55;2.6;4.36
1;1984;1984-06-30;108.0;56.0;2.29;97.4;1.595;0.0;5.11;10.1;4.85;-0.4;4.03
1;1984;1984-07-31;110.0;51.0;1.79;114.9;1.145;0.0;5.1;12.1;5.65;-0.8;4.41
1;1984;1984-08-31;99.0;47.0;1.42;151.5;1.816;0.0;4.79;14.3;6.9;-0.5;4.68
1;1984;1984-09-30;677.0;44.0;2.36;155.3;14.908;0.0;6.39;17.1;10.8;4.5;5.22
1;1984;1984-10-31;627.0;40.0;1.9;221.6;18.059;0.0;8.93;21.3;14.8;8.3;5.61
1;1984;1984-11-30;1089.0;38.0;2.63;225.6;31.51;0.0;9.93;22.0;15.45;8.9;5.22
1;1984;1984-12-31;1289.0;36.0;3.62;237.1;24.431;0.0;10.27;22.5;16.1;9.7;4.41
1;1984;1985-01-31;1006.0;34.0;3.56;277.8;18.667;0.0;13.26;25.6;18.6;11.6;4.13
1;1984;1985-02-28;629.0;33.0;2.98;216.4;37.502;0.0;12.78;25.5;18.75;12.0;4.1
1;1984;1985-03-31;358.0;31.0;1.3;213.5;26.803;0.0;12.84;24.2;17.0;9.8;4.08
1;1984;1985-04-30;382.0;29.0;0.92;173.7;6.985;0.0;9.44;20.0;12.7;5.4;4.34
1;1984;1985-05-31;139.0;28.0;-1.83;127.3;4.582;0.0;8.32;19.3;11.9;4.5;3.97
1;1985;1985-06-30;116.0;27.0;-1.91;102.3;1.321;0.0;6.28;15.1;8.8;2.5;4.15
1;1985;1985-07-31;674.0;32.0;1.59;99.2;4.316;0.0;5.1;12.7;6.4;0.1;5.06
1;1985;1985-08-31;260.0;31.0;1.88;141.4;2.88;0.0;5.44;15.5;8.3;1.1;4.56
1;1985;1985-09-30;392.0;29.0;1.9;185.6;4.534;0.0;6.3;17.7;10.55;3.4;5.43
1;1985;1985-10-31;1183.0;31.0;3.08;181.4;25.722;0.0;8.5;18.9;12.9;6.9;5.47
1;1985;1985-11-30;748.0;29.0;2.91;217.0;18.504;0.0;10.77;23.5;17.25;11.0;4.88
1;1985;1985-12-31;958.0;28.0;2.93;246.9;26.839;0.0;12.29;25.3;18.95;12.6;4.07
1;1985;1986-01-31;819.0;27.0;2.2;290.8;24.924;0.0;14.96;28.2;20.6;13.0;4.68
1;1985;1986-02-28;560.0;26.0;1.32;276.1;13.636;0.0;13.61;26.8;19.35;11.9;4.17
1;1985;1986-03-31;694.0;25.0;0.65;218.1;40.079;0.0;12.04;23.2;15.85;8.5;4.55
1;1985;1986-04-30;399.0;24.0;-1.54;153.9;5.26;0.0;10.23;21.1;14.3;7.5;4.2
1;1985;1986-05-31;89.0;23.0;-1.95;126.4;2.707;0.0;7.9;17.7;10.8;3.9;4.15
1;1986;1986-06-30;88.0;22.0;-2.01;103.2;0.906;0.0;6.28;14.6;8.5;2.4;4.3
1;1986;1986-07-31;419.0;22.0;-1.11;97.9;7.755;0.0;6.19;14.9;8.45;2.0;4.63
1;1986;1986-08-31;205.0;21.0;-0.77;123.5;1.917;0.0;5.57;14.6;8.55;2.5;4.55
1;1986;1986-09-30;499.0;20.0;1.24;166.3;9.933;0.0;5.96;18.2;11.25;4.3;5.54
1;1986;1986-10-31;774.0;20.0;1.3;218.5;24.341;0.0;8.67;20.7;14.35;8.0;5.36
1;1986;1986-11-30;675.0;19.0;0.74;258.0;15.2;30.299999999999997;10.19;23.9;16.75;9.6;6.2
1;1986;1986-12-31;805.0;18.0;-0.29;266.7;63.9;211.3;13.44;27.2;20.55;13.9;5.03
1;1986;1987-01-31;956.0;18.0;-0.31;276.9;21.3;106.9;14.51;28.0;20.85;13.7;4.15
1;1986;1987-02-28;787.0;18.0;-0.64;265.4;34.8;64.1;15.33;27.9;20.45;13.0;4.69
1;1986;1987-03-31;1040.0;17.0;0.32;215.5;51.2;139.3;12.84;23.2;16.6;10.0;4.77
1;1986;1987-04-30;330.0;17.0;-0.53;168.6;46.4;90.1;10.19;20.6;13.7;6.8;4.06
1;1986;1987-05-31;512.0;16.0;0.86;131.6;49.7;85.60000000000001;6.26;13.1;6.85;0.6;4.4
1;1987;1987-06-30;37.0;16.0;-0.39;109.7;14.3;14.3;6.15;14.9;7.8;0.7;3.68
1;1987;1987-07-31;170.0;16.0;-0.28;108.9;9.4;9.4;6.02;14.4;8.2;2.0;4.44
1;1987;1987-08-31;69.0;16.0;-0.71;150.4;4.6;4.6;4.88;13.5;7.25;1.0;5.23
1;1987;1987-09-30;67.0;15.0;-1.4;202.3;3.9;6.5;5.79;17.9;10.35;2.8;5.57
1;1987;1987-10-31;632.0;15.0;-1.41;217.1;33.4;42.4;9.01;21.7;14.8;7.9;5.1
1;1987;1987-11-30;680.0;15.0;-1.65;265.2;46.5;97.0;10.65;24.5;17.7;10.9;5.14
1;1987;1987-12-31;932.0;14.0;-1.39;278.7;29.3;171.7;11.22;24.5;17.85;11.2;5.0
1;1987;1988-01-31;810.0;14.0;-1.51;276.0;55.9;151.1;13.57;26.5;19.65;12.8;4.04
1;1987;1988-02-29;1026.0;14.0;-0.59;258.1;82.4;232.70000000000002;13.57;26.2;19.25;12.3;3.9
1;1987;1988-03-31;954.0;14.0;0.05;197.0;43.8;142.2;13.66;24.2;17.85;11.5;4.01
1;1987;1988-04-30;175.0;13.0;-0.89;175.7;21.4;56.0;9.51;19.4;12.75;6.1;4.05
1;1987;1988-05-31;86.0;13.0;-1.19;133.5;3.1;3.1;6.55;13.6;7.0;0.4;3.76
1;1988;1988-06-30;3.0;13.0;-1.57;121.7;0.0;0.0;5.44;13.1;5.7;-1.7;3.87
1;1988;1988-07-31;65.0;13.0;-1.78;127.1;0.0;0.0;4.68;11.3;4.7;-1.9;4.4
1;1988;1988-08-31;5.0;13.0;-2.15;172.4;19.1;22.3;5.39;16.5;8.35;0.2;4.72
1;1988;1988-09-30;337.0;12.0;-1.87;187.1;2.1;2.1;5.71;17.5;10.1;2.7;5.13
1;1988;1988-10-31;140.0;12.0;-3.11;256.9;11.849;0.0;8.42;21.7;14.0;6.3;5.47
1;1988;1988-11-30;1482.0;24.0;-7.48;623.4000000000001;42.55;0.0;25.83;55.900000000000006;39.95;24.0;10.14
1;1988;1988-12-31;0.0;0.0;0.0;0.0;22.551;0.0;0.0;0.0;0.0;0.0;0.0
1;1988;1989-01-31;465.0;12.0;-4.67;297.5;18.662;0.0;15.23;29.5;21.65;13.8;3.99
1;1988;1989-02-28;845.0;12.0;-4.22;263.2;24.132;0.0;15.8;29.8;21.9;14.0;4.01
1;1988;1989-03-31;1068.0;11.0;-3.3;229.0;30.272;0.0;12.27;22.3;15.45;8.6;4.19
1;1988;1989-04-30;354.0;11.0;-3.28;179.4;12.408;0.0;10.35;21.0;13.6;6.2;4.02
1;1988;1989-05-31;480.0;11.0;-2.28;126.4;11.324;0.0;7.31;16.3;9.6;2.9;4.38
1;1989;1989-06-30;150.0;11.0;-2.01;90.9;2.187;0.0;6.87;14.3;8.95;3.6;3.99
1;1989;1989-07-31;23.0;11.0;-2.42;124.3;1.892;0.0;5.52;13.7;6.5;-0.7;4.76
1;1989;1989-08-31;36.0;11.0;-2.67;156.9;1.289;0.0;5.57;17.1;9.55;2.0;5.39
1;1989;1989-09-30;199.0;11.0;-2.73;188.1;4.936;0.0;5.79;17.6;10.0;2.4;5.29
1;1989;1989-10-31;337.0;10.0;-3.4;236.8;19.947;0.0;8.42;21.4;14.15;6.9;5.78
1;1989;1989-11-30;684.0;10.0;-3.4;264.7;32.824;0.0;11.64;25.5;17.8;10.1;5.14
1;1989;1989-12-31;1100.0;10.0;-2.66;273.9;30.895;0.0;13.45;27.4;20.65;13.9;4.49
1;1989;1990-01-31;1004.0;10.0;-2.33;292.6;31.659;0.0;15.05;28.3;20.95;13.6;4.26
1;1989;1990-02-28;623.0;10.0;-2.21;213.3;18.665;0.0;13.17;25.0;18.9;12.8;3.47
1;1989;1990-03-31;1044.0;65.0;-1.17;179.2;56.805;0.0;11.81;21.0;15.35;9.7;3.92
1;1989;1990-04-30;429.0;58.0;-0.79;164.3;5.001;0.0;9.56;18.8;12.9;7.0;3.74
1;1989;1990-05-31;314.0;53.0;0.5;122.8;7.328;0.0;7.56;15.6;9.05;2.5;4.39
1;1990;1990-06-30;7.0;49.0;-0.09;120.9;0.923;0.0;5.94;13.6;6.45;-0.7;4.08
1;1990;1990-07-31;402.0;45.0;1.29;111.3;4.986;0.0;5.27;12.2;6.25;0.3;4.38
1;1990;1990-08-31;26.0;43.0;0.47;154.2;1.198;0.0;6.34;18.5;11.25;4.0;4.96
1;1990;1990-09-30;186.0;40.0;-0.44;197.5;10.07;0.0;5.76;17.1;9.65;2.2;5.32
1;1990;1990-10-31;1028.0;38.0;0.87;208.2;28.202;0.0;9.01;20.8;14.6;8.4;5.13
1;1990;1990-11-30;781.0;36.0;-0.07;281.4;24.01;0.0;11.11;25.2;18.15;11.1;5.54
1;1990;1990-12-31;867.0;34.0;-0.16;287.2;37.748;0.0;12.67;25.3;18.95;12.6;5.81
1;1990;1991-01-31;1123.0;32.0;0.8;275.1;29.96;0.0;13.7;26.2;19.25;12.3;4.8
1;1990;1991-02-28;1102.0;31.0;1.6;263.3;44.944;0.0;14.06;26.3;19.05;11.8;3.77
1;1990;1991-03-31;805.0;29.0;1.14;210.0;51.135;0.0;14.36;25.2;18.55;11.9;4.03
1;1990;1991-04-30;542.0;28.0;1.21;163.7;12.594;0.0;10.78;21.2;14.45;7.7;4.07
1;1990;1991-05-31;423.0;27.0;1.58;118.1;4.852;0.0;8.62;17.9;11.45;5.0;4.01
1;1991;1991-06-30;231.0;26.0;1.8;97.4;2.44;0.0;6.4;13.1;7.65;2.2;3.95
1;1991;1991-07-31;158.0;25.0;1.51;110.8;2.588;0.0;5.6;13.1;6.8;0.5;4.09
1;1991;1991-08-31;405.0;25.0;2.24;134.4;2.913;0.0;5.54;15.2;8.05;0.9;5.01
1;1991;1991-09-30;118.0;24.0;1.42;181.9;3.473;0.0;6.94;19.0;11.85;4.7;5.34
1;1991;1991-10-31;641.0;23.0;1.34;212.0;34.194;0.0;8.45;18.9;12.15;5.4;5.51
1;1991;1991-11-30;678.0;22.0;0.93;261.6;19.469;0.0;10.63;23.8;16.65;9.5;5.19
1;1991;1991-12-31;1292.0;22.0;1.96;244.8;41.176;0.0;11.57;24.3;17.9;11.5;4.6
1;1991;1992-01-31;687.0;21.0;1.05;302.2;30.257;0.0;13.44;26.5;19.5;12.5;4.31
1;1991;1992-02-29;707.0;20.0;0.87;250.8;23.517;0.0;13.86;25.9;18.7;11.5;4.02
1;1991;1992-03-31;1259.0;20.0;1.47;229.0;34.926;0.0;13.77;25.0;18.1;11.2;4.43
1;1991;1992-04-30;594.0;20.0;1.69;178.6;28.38;0.0;9.7;19.4;12.9;6.4;4.2
1;1991;1992-05-31;225.0;19.0;1.41;129.9;3.823;0.0;7.31;15.9;9.75;3.6;4.19
1;1992;1992-06-30;86.0;18.0;1.0;92.0;1.24;0.0;6.36;14.4;9.1;3.8;4.11
1;1992;1992-07-31;115.0;18.0;0.7;118.9;2.452;0.0;4.61;10.7;4.75;-1.2;4.34
1;1992;1992-08-31;273.0;18.0;0.98;159.4;3.648;0.0;5.74;17.3;9.55;1.8;4.97
1;1992;1992-09-30;648.0;17.0;1.82;183.1;14.479;0.0;6.47;18.1;11.1;4.1;5.24
1;1992;1992-10-31;834.0;17.0;1.82;265.1;35.417;0.0;8.67;21.4;14.25;7.1;5.39
1;1992;1992-11-30;1036.0;17.0;2.34;252.1;18.044;0.0;9.71;21.9;15.2;8.5;5.49
1;1992;1992-12-31;1233.0;16.0;2.96;252.8;27.834;0.0;11.64;24.8;18.6;12.4;5.03
1;1992;1993-01-31;1049.0;16.0;2.95;284.0;19.561;0.0;14.3;26.9;20.35;13.8;3.93
1;1992;1993-02-28;844.0;15.0;2.69;292.1;55.203;0.0;13.27;26.3;19.1;11.9;4.07
1;1992;1993-03-31;657.0;15.0;1.67;218.3;25.364;0.0;14.63;25.5;18.9;12.3;4.24
1;1992;1993-04-30;382.0;15.0;1.22;166.5;15.593;0.0;9.93;20.4;13.75;7.1;4.58
1;1992;1993-05-31;540.0;15.0;1.97;129.6;4.613;0.0;7.48;15.9;9.6;3.3;4.36
1;1993;1993-06-30;9.0;14.0;1.25;112.4;0.0;0.0;6.11;13.8;7.55;1.3;4.16
1;1993;1993-07-31;41.0;14.0;0.13;124.9;0.0;0.0;5.1;12.4;5.95;-0.5;4.17
1;1993;1993-08-31;76.0;14.0;-1.16;164.4;0.0;0.0;5.69;16.8;8.55;0.3;4.8
1;1993;1993-09-30;173.0;13.0;-1.47;195.4;12.0;37.0;5.79;18.0;10.3;2.6;4.81
1;1993;1993-10-31;503.0;13.0;-1.76;219.9;12.0;40.0;8.57;20.4;13.95;7.5;5.61
1;1993;1993-11-30;1417.0;13.0;1.47;274.8;139.0;369.0;10.28;23.6;16.5;9.4;5.32
1;1993;1993-12-31;740.0;13.0;0.69;326.4;70.0;190.0;12.71;26.2;19.05;11.9;5.14
1;1993;1994-01-31;1171.0;13.0;1.41;273.5;45.0;291.0;15.01;26.6;19.4;12.2;4.29
1;1993;1994-02-28;543.0;13.0;0.8;261.1;28.0;151.0;13.35;25.0;18.1;11.2;3.74
1;1993;1994-03-31;779.0;12.0;-0.47;260.2;45.0;107.0;13.61;23.8;17.0;10.2;4.57
1;1993;1994-04-30;251.0;12.0;-1.37;168.1;23.0;23.0;9.88;20.1;13.45;6.8;4.22
1;1993;1994-05-31;253.0;12.0;-1.26;115.2;34.0;41.0;9.04;18.1;12.35;6.6;3.89
1;1994;1994-06-30;62.0;12.0;-1.46;107.3;6.0;9.0;7.29;15.3;9.4;3.5;4.31
1;1994;1994-07-31;79.0;11.0;-1.69;120.3;9.0;17.0;5.52;13.1;6.7;0.3;4.31
1;1994;1994-08-31;410.0;11.0;-0.4;153.0;23.0;25.5;5.95;17.0;9.85;2.7;4.95
1;1994;1994-09-30;106.0;11.0;-1.22;200.6;11.2;16.6;7.37;20.3;13.15;6.0;5.32
1;1994;1994-10-31;667.0;11.0;-0.92;195.1;70.9;166.70000000000002;8.24;19.9;13.75;7.6;4.97
1;1994;1994-11-30;893.0;11.0;-0.73;278.4;29.4;97.6;11.29;25.3;17.95;10.6;4.82
1;1994;1994-12-31;910.0;11.0;-1.03;301.9;42.3;111.3;14.55;28.9;22.15;15.4;4.98
1;1994;1995-01-31;1059.0;10.0;0.17;257.7;57.5;169.4;14.2;25.5;19.1;12.7;3.91
1;1994;1995-02-28;853.0;10.0;0.67;260.8;69.2;130.1;13.34;25.4;18.25;11.1;3.74
1;1994;1995-03-31;565.0;10.0;-0.83;223.4;20.5;45.099999999999994;13.41;24.1;17.1;10.1;4.06
1;1994;1995-04-30;116.0;10.0;-1.71;198.2;32.1;42.6;10.36;21.2;12.95;4.7;4.13
1;1994;1995-05-31;239.0;10.0;-1.56;137.6;39.1;50.800000000000004;8.19;17.4;10.45;3.5;3.67
1;1995;1995-06-30;68.0;10.0;-1.66;110.3;6.5;6.5;6.45;13.3;7.35;1.4;4.28
1;1995;1995-07-31;42.0;10.0;-2.02;132.9;1.0;1.0;5.08;13.4;5.85;-1.7;4.38
1;1995;1995-08-31;1.0;10.0;-2.34;167.0;0.0;0.0;5.35;15.7;7.8;-0.1;4.56
1;1995;1995-09-30;148.0;10.0;-2.74;210.5;8.7;11.7;6.39;20.3;12.55;4.8;5.42
1;1995;1995-10-31;448.0;9.0;-3.11;254.5;17.5;29.5;8.67;21.1;13.85;6.6;5.37
1;1995;1995-11-30;1140.0;9.0;-1.95;259.4;73.0;310.2;11.25;24.5;17.55;10.6;4.88
1;1995;1995-12-31;486.0;9.0;-3.15;335.3;42.5;123.3;15.11;29.6;21.95;14.3;4.65
1;1995;1996-01-31;862.0;9.0;-3.0;296.8;58.5;197.5;13.97;26.6;19.75;12.9;3.69
1;1995;1996-02-29;1136.0;9.0;-1.63;245.0;54.0;213.8;13.0;24.9;18.3;11.7;4.03
1;1995;1996-03-31;518.0;9.0;-2.38;225.3;39.8;130.4;14.13;24.6;17.4;10.2;3.61
1;1995;1996-04-30;841.0;303.0;1.88;145.0;77.0;171.1;9.26;18.3;12.55;6.8;4.17
1;1995;1996-05-31;225.0;203.0;2.05;124.8;5.1;5.1;8.57;17.5;11.3;5.1;4.21
1;1996;1996-06-30;125.0;156.0;1.67;104.1;2.3;3.1999999999999997;5.27;12.0;5.7;-0.6;4.18
1;1996;1996-07-31;32.0;127.0;0.89;132.8;0.0;0.0;5.18;13.2;5.65;-1.9;4.24
1;1996;1996-08-31;29.0;108.0;-1.26;161.0;0.0;0.0;6.33;18.3;10.55;2.8;5.31
1;1996;1996-09-30;321.0;94.0;-1.13;183.5;19.4;38.9;5.96;17.7;10.3;2.9;4.96
1;1996;1996-10-31;508.0;83.0;-1.54;220.1;13.4;22.9;8.97;22.1;15.0;7.9;5.44
1;1996;1996-11-30;569.0;75.0;-2.07;284.5;46.0;138.8;11.3;25.1;17.45;9.8;5.05
1;1996;1996-12-31;1120.0;68.0;-1.31;257.8;54.5;170.5;12.2;25.7;19.15;12.6;4.8
1;1996;1997-01-31;874.0;62.0;-1.25;269.3;61.3;271.8;14.65;27.1;20.45;13.8;3.84
1;1996;1997-02-28;710.0;57.0;-1.28;250.8;42.5;72.2;13.11;25.8;18.55;11.3;4.53
1;1996;1997-03-31;796.0;53.0;-1.38;209.1;70.5;182.8;13.36;24.2;17.4;10.6;3.85
1;1996;1997-04-30;148.0;50.0;-2.16;192.9;27.1;49.1;11.67;22.7;14.75;6.8;4.1
1;1996;1997-05-31;125.0;47.0;-2.47;127.4;0.0;0.0;8.56;18.8;12.0;5.2;4.63
1;1997;1997-06-30;99.0;44.0;-2.35;99.4;0.0;0.0;6.08;13.0;7.0;1.0;4.07
1;1997;1997-07-31;191.0;41.0;-2.22;101.7;4.5;8.0;6.2;15.4;9.15;2.9;4.53
1;1997;1997-08-31;98.0;40.0;-2.2;143.9;7.1;18.7;6.24;16.7;9.55;2.4;4.8
1;1997;1997-09-30;253.0;38.0;-2.17;178.5;34.5;49.0;6.72;19.3;11.9;4.5;4.86
1;1997;1997-10-31;673.0;36.0;-1.89;202.6;23.0;89.60000000000001;8.21;19.4;13.45;7.5;5.36
1;1997;1997-11-30;777.0;34.0;-1.54;226.2;28.0;125.6;10.64;22.9;16.4;9.9;4.83
1;1997;1997-12-31;1612.0;59.0;2.14;234.7;56.6;255.7;12.11;24.9;18.5;12.1;4.72
1;1997;1998-01-31;766.0;54.0;1.96;270.4;38.2;96.5;14.65;25.6;19.15;12.7;4.42
1;1997;1998-02-28;1120.0;158.0;3.36;204.4;145.1;194.79999999999998;11.74;21.7;16.1;10.5;4.09
1;1997;1998-03-31;664.0;122.0;2.84;210.9;42.7;119.7;11.98;21.4;15.2;9.0;3.98
1;1997;1998-04-30;779.0;113.0;3.46;156.3;37.0;136.5;9.33;17.7;12.1;6.5;4.39
1;1997;1998-05-31;550.0;95.0;4.01;112.4;17.5;59.5;8.06;16.9;10.65;4.4;3.93
1;1998;1998-06-30;167.0;83.0;3.7;98.5;15.0;27.5;6.71;13.4;7.9;2.4;3.99
1;1998;1998-07-31;209.0;73.0;3.28;112.9;4.0;4.0;6.03;15.1;8.75;2.4;4.09
1;1998;1998-08-31;81.0;66.0;2.69;144.4;3.0;3.0;5.4;15.2;8.35;1.5;4.43
1;1998;1998-09-30;568.0;60.0;3.16;188.3;18.5;25.0;5.79;16.7;9.25;1.8;5.21
1;1998;1998-10-31;540.0;56.0;2.35;237.0;19.4;39.099999999999994;9.4;22.7;15.45;8.2;5.21
1;1998;1998-11-30;1155.0;51.0;3.12;251.3;50.9;185.1;10.81;23.0;16.1;9.2;5.06
1;1998;1998-12-31;432.0;48.0;1.56;309.2;58.3;212.8;13.02;26.7;19.1;11.5;4.8
1;1998;1999-01-31;779.0;45.0;1.08;303.9;52.1;148.2;13.18;25.4;18.2;11.0;3.91
1;1998;1999-02-28;740.0;42.0;0.42;292.5;49.9;82.7;15.12;27.2;19.75;12.3;4.33
1;1998;1999-03-31;1127.0;392.0;2.21;195.4;63.0;317.9;12.32;21.7;16.15;10.6;4.12
1;1998;1999-04-30;804.0;366.0;3.62;168.3;40.5;127.8;8.5;17.6;11.35;5.1;3.85
1;1998;1999-05-31;442.0;239.0;4.33;110.1;17.5;43.5;7.65;15.1;9.85;4.6;3.97
1;1999;1999-06-30;144.0;173.0;3.84;92.6;8.1;10.5;5.78;11.9;6.95;2.0;3.9
1;1999;1999-07-31;254.0;138.0;3.66;115.6;0.0;0.0;5.1;12.0;5.25;-1.5;4.42
1;1999;1999-08-31;141.0;115.0;3.17;162.2;8.7;17.2;5.48;16.2;8.5;0.8;5.29
1;1999;1999-09-30;333.0;99.0;2.83;182.2;24.1;46.6;6.95;19.5;12.6;5.7;5.22
1;1999;1999-10-31;1301.0;478.0;4.99;207.1;47.2;134.2;8.67;19.7;13.55;7.4;5.05
1;1999;1999-11-30;1339.0;252.0;6.03;268.6;57.8;218.3;9.44;23.7;16.35;9.0;5.0
1;1999;1999-12-31;1525.0;185.0;6.94;278.3;178.3;378.3;11.29;24.3;17.75;11.2;4.73
1;1999;2000-01-31;935.0;145.0;6.36;270.8;51.2;218.20000000000002;13.88;26.4;19.8;13.2;3.66
1;1999;2000-02-29;908.0;120.0;6.27;235.4;61.2;148.6;12.9;24.3;17.9;11.5;4.07
1;1999;2000-03-31;909.0;103.0;5.78;214.6;105.4;380.0;12.16;21.8;15.55;9.3;4.23
1;1999;2000-04-30;804.0;98.0;6.19;139.8;54.2;143.3;9.97;19.4;13.85;8.3;3.72
1;1999;2000-05-31;600.0;87.0;6.66;102.4;11.8;34.7;7.14;15.8;10.05;4.3;4.22
1;2000;2000-06-30;104.0;78.0;5.83;108.6;8.0;8.0;5.86;13.1;7.15;1.2;4.31
1;2000;2000-07-31;297.0;70.0;5.66;127.5;4.0;8.8;4.84;11.3;4.4;-2.5;4.59
1;2000;2000-08-31;45.0;64.0;4.72;150.9;6.2;6.2;5.31;15.1;7.8;0.5;4.66
1;2000;2000-09-30;74.0;59.0;3.5;204.7;7.9;8.4;5.92;18.1;10.45;2.8;5.32
1;2000;2000-10-31;975.0;55.0;3.78;225.5;21.5;72.7;8.12;20.1;13.8;7.5;5.46
1;2000;2000-11-30;1058.0;51.0;4.1;264.9;28.5;187.9;9.49;22.2;15.9;9.6;4.78
1;2000;2000-12-31;674.0;48.0;2.99;308.3;60.2;248.9;12.32;26.3;19.3;12.3;4.56
1;2000;2001-01-31;1122.0;45.0;3.09;292.2;57.2;258.8;14.51;27.2;20.45;13.7;4.41
1;2000;2001-02-28;345.0;42.0;1.46;275.7;11.9;22.5;15.47;28.3;21.35;14.4;4.21
1;2000;2001-03-31;1215.0;213.0;2.56;199.7;51.5;229.0;12.97;23.3;17.3;11.3;4.23
1;2000;2001-04-30;855.0;234.0;4.03;149.7;50.5;126.5;9.08;18.5;12.55;6.6;4.06
1;2000;2001-05-31;257.0;171.0;4.3;109.1;16.5;23.0;6.93;14.3;8.8;3.3;3.9
1;2001;2001-06-30;208.0;137.0;4.03;96.6;4.1;6.1;5.95;13.0;7.3;1.6;4.03
1;2001;2001-07-31;105.0;115.0;3.23;119.6;4.9;4.9;5.48;13.5;6.9;0.3;4.63
1;2001;2001-08-31;210.0;99.0;3.04;135.9;8.0;18.0;6.08;16.1;9.55;3.0;5.29
1;2001;2001-09-30;806.0;87.0;4.2;147.8;65.0;141.5;5.94;15.9;10.05;4.2;5.14
1;2001;2001-10-31;1120.0;78.0;4.83;184.5;63.0;113.5;8.45;19.7;14.05;8.4;5.87
1;2001;2001-11-30;707.0;70.0;4.11;260.4;22.5;68.5;9.84;23.1;16.1;9.1;5.19
1;2001;2001-12-31;707.0;64.0;3.09;299.9;40.5;148.0;12.28;27.0;19.45;11.9;4.36
1;2001;2002-01-31;1093.0;59.0;3.36;283.9;47.5;186.5;13.97;25.5;18.4;11.3;4.03
1;2001;2002-02-28;572.0;55.0;2.69;239.2;60.5;185.5;13.26;24.8;17.95;11.1;4.02
1;2001;2002-03-31;719.0;51.0;2.05;186.7;30.5;133.0;13.06;23.6;17.15;10.7;4.5
1;2001;2002-04-30;563.0;48.0;2.19;161.0;59.0;172.5;9.17;18.2;12.05;5.9;4.06
1;2001;2002-05-31;318.0;45.0;2.13;118.0;13.5;23.0;7.81;16.8;10.7;4.6;4.17
1;2002;2002-06-30;35.0;42.0;1.55;119.0;0.0;0.0;5.19;11.8;5.3;-1.2;4.09
1;2002;2002-07-31;370.0;40.0;2.01;112.6;16.5;27.0;5.44;12.6;6.55;0.5;4.06
1;2002;2002-08-31;321.0;38.0;2.38;147.9;71.2;72.2;5.83;15.9;8.85;1.8;5.0
1;2002;2002-09-30;100.0;36.0;1.47;199.7;2.0;3.3;6.6;19.3;11.35;3.4;5.18
1;2002;2002-10-31;662.0;35.0;1.03;236.9;11.5;18.5;8.98;22.6;15.6;8.6;5.79
1;2002;2002-11-30;1061.0;33.0;1.4;297.5;85.0;116.5;10.82;24.3;16.9;9.5;5.67
1;2002;2002-12-31;883.0;32.0;1.26;264.4;47.0;259.0;11.17;24.3;18.5;12.7;4.85
1;2002;2003-01-31;792.0;31.0;0.43;303.9;31.5;145.5;15.42;27.8;20.75;13.7;4.08
1;2002;2003-02-28;562.0;30.0;-1.04;253.3;68.5;204.5;13.96;26.2;18.7;11.2;4.16
1;2002;2003-03-31;808.0;28.0;-1.22;222.3;34.0;148.0;13.2;23.4;17.05;10.7;3.98
1;2002;2003-04-30;606.0;27.0;-0.33;156.1;24.5;67.9;9.6;19.4;12.75;6.1;3.66
1;2002;2003-05-31;156.0;26.0;-0.72;128.9;14.5;20.0;7.81;16.0;10.1;4.2;3.9
1;2003;2003-06-30;83.0;25.0;-0.83;101.0;15.5;19.0;7.07;14.8;9.25;3.7;4.06
1;2003;2003-07-31;519.0;25.0;1.1;120.9;21.0;40.0;5.35;12.6;5.9;-0.8;4.09
1;2003;2003-08-31;37.0;24.0;0.54;162.3;0.0;0.0;4.98;13.9;7.05;0.2;5.1
1;2003;2003-09-30;36.0;23.0;-1.25;215.2;0.5;0.5;6.86;19.9;11.5;3.1;5.6
1;2003;2003-10-31;239.0;22.0;-2.5;264.4;25.0;40.0;9.64;23.5;16.2;8.9;6.01
1;2003;2003-11-30;644.0;22.0;-3.03;305.3;25.5;71.0;11.91;27.3;19.0;10.7;5.58
1;2003;2003-12-31;1078.0;21.0;-2.44;311.8;40.0;134.5;12.24;25.4;18.5;11.6;5.5
1;2003;2004-01-31;616.0;21.0;-3.17;304.9;25.5;62.5;15.92;29.2;21.75;14.3;3.78
1;2003;2004-02-29;669.0;20.0;-2.98;250.8;54.0;132.0;13.79;25.2;18.45;11.7;4.09
1;2003;2004-03-31;999.0;20.0;-2.62;243.6;18.0;64.0;14.42;24.8;17.9;11.0;4.9
1;2003;2004-04-30;412.0;19.0;-2.45;162.2;62.5;164.0;10.01;19.5;13.45;7.4;4.01
1;2003;2004-05-31;565.0;37.0;-1.03;117.0;20.0;92.5;6.42;12.2;6.7;1.2;4.09
1;2004;2004-06-30;2.0;35.0;-1.28;122.1;0.0;0.0;6.19;13.9;7.4;0.9;4.28
1;2004;2004-07-31;498.0;33.0;1.64;114.3;19.5;20.5;5.6;12.9;6.7;0.5;4.57
1;2004;2004-08-31;104.0;31.0;1.29;151.3;2.5;5.5;5.65;15.4;8.35;1.3;5.2
1;2004;2004-09-30;12.0;30.0;-1.14;216.5;0.0;0.0;7.07;20.2;12.3;4.4;5.27
1;2004;2004-10-31;741.0;29.0;-1.0;251.4;22.0;69.0;8.84;20.8;13.85;6.9;6.06
1;2004;2004-11-30;664.0;27.0;-1.25;260.6;47.5;162.0;10.01;23.2;16.45;9.7;5.42
1;2004;2004-12-31;1031.0;26.0;-0.82;271.3;75.5;183.5;12.58;25.5;19.15;12.8;5.12
1;2004;2005-01-31;1215.0;25.0;0.75;293.5;58.0;157.0;15.05;27.0;20.1;13.2;4.63
1;2004;2005-02-28;638.0;25.0;-0.01;266.6;63.5;125.0;14.46;25.6;19.15;12.7;3.75
1;2004;2005-03-31;1030.0;24.0;0.8;232.1;65.0;183.5;12.58;23.1;16.35;9.6;4.4
1;2004;2005-04-30;314.0;23.0;-0.37;189.1;17.0;28.5;8.75;18.8;11.65;4.5;3.79
1;2004;2005-05-31;86.0;22.0;-0.91;138.8;6.5;11.0;7.31;16.5;9.55;2.6;4.59
1;2005;2005-06-30;33.0;22.0;-1.22;89.7;5.0;12.0;6.31;13.0;8.4;3.8;3.88
1;2005;2005-07-31;211.0;21.0;-1.1;118.5;15.0;26.5;5.69;14.0;7.5;1.0;4.71
1;2005;2005-08-31;161.0;20.0;-0.95;146.5;3.0;8.5;5.52;14.8;8.3;1.8;4.94
1;2005;2005-09-30;163.0;20.0;-1.3;208.2;7.0;12.0;5.71;17.4;9.6;1.8;5.18
1;2005;2005-10-31;571.0;19.0;-1.5;249.1;22.0;62.0;8.07;20.4;13.4;6.4;5.32
1;2005;2005-11-30;747.0;19.0;-1.62;276.6;40.0;131.5;11.86;25.6;18.15;10.7;5.44
1;2005;2005-12-31;567.0;18.0;-2.37;296.3;40.5;100.0;12.41;26.3;19.25;12.2;4.91
1;2005;2006-01-31;1065.0;18.0;-1.96;292.0;34.0;124.0;15.11;28.4;21.05;13.7;4.61
1;2005;2006-02-28;803.0;17.0;-1.59;251.9;62.0;217.5;14.54;25.9;19.25;12.6;4.14
1;2005;2006-03-31;633.0;17.0;-2.07;239.4;74.5;113.0;12.94;22.9;16.05;9.2;4.17
1;2005;2006-04-30;699.0;17.0;-1.28;174.3;51.5;111.5;10.43;20.6;13.95;7.3;4.19
1;2005;2006-05-31;26.0;17.0;-1.81;145.2;3.5;3.5;7.4;15.8;8.75;1.7;3.9
1;2006;2006-06-30;47.0;16.0;-1.98;103.3;0.0;0.0;6.94;14.2;8.7;3.2;4.16
1;2006;2006-07-31;24.0;16.0;-2.42;129.7;0.0;0.0;6.61;15.9;9.0;2.1;4.32
1;2006;2006-08-31;8.0;16.0;-2.68;163.5;0.0;0.0;5.79;16.3;8.2;0.1;4.63
1;2006;2006-09-30;59.0;15.0;-3.25;219.1;13.5;13.5;6.82;20.2;11.8;3.4;5.54
1;2006;2006-10-31;460.0;15.0;-3.66;229.8;23.5;49.0;9.77;23.5;16.25;9.0;5.68
1;2006;2006-11-30;1242.0;14.0;-2.22;245.0;69.0;183.5;10.89;24.7;17.55;10.4;5.31
1;2006;2006-12-31;1369.0;14.0;-0.98;282.8;48.5;225.0;12.9;26.6;19.7;12.8;4.99
1;2006;2007-01-31;1033.0;14.0;2.29;259.2;53.5;224.5;14.56;25.2;19.05;12.9;4.22
1;2006;2007-02-28;1045.0;14.0;2.93;247.6;97.0;198.5;14.35;25.1;18.5;11.9;4.26
1;2006;2007-03-31;1121.0;445.0;4.44;204.4;70.0;260.0;12.58;21.6;15.85;10.1;4.24
1;2006;2007-04-30;411.0;248.0;4.16;166.9;14.0;28.0;10.48;20.2;13.85;7.5;4.02
1;2006;2007-05-31;142.0;180.0;3.4;136.9;19.5;32.0;6.31;13.0;6.85;0.7;3.92
1;2007;2007-06-30;117.0;142.0;2.94;123.5;4.0;4.0;5.28;13.3;5.7;-1.9;3.63
1;2007;2007-07-31;152.0;119.0;2.58;127.6;7.0;7.0;4.53;11.4;4.15;-3.1;4.07
1;2007;2007-08-31;38.0;102.0;1.98;158.0;1.0;1.0;4.1;11.7;4.6;-2.5;5.03
1;2007;2007-09-30;533.0;89.0;2.38;177.7;24.5;42.0;6.96;18.5;11.7;4.9;5.44
1;2007;2007-10-31;484.0;80.0;1.68;205.0;21.0;71.5;9.22;21.1;14.75;8.4;5.44
1;2007;2007-11-30;296.0;72.0;-1.97;305.7;28.5;51.0;10.51;25.2;17.2;9.2;5.51
1;2007;2007-12-31;747.0;66.0;-2.32;302.5;28.03;0.0;12.27;27.0;19.35;11.7;4.72
1;2007;2008-01-31;1438.0;60.0;-0.34;263.7;55.5;327.5;14.25;26.8;20.1;13.4;4.15
1;2007;2008-02-29;1056.0;56.0;2.15;244.3;53.0;199.0;13.96;25.4;18.75;12.1;3.54
1;2007;2008-03-31;1148.0;220.0;3.11;202.9;49.0;167.0;12.77;22.9;16.35;9.8;3.82
1;2007;2008-04-30;157.0;165.0;2.41;197.7;9.5;24.5;9.97;20.8;12.9;5.0;3.53
1;2007;2008-05-31;164.0;133.0;1.83;144.5;4.0;7.0;7.81;16.6;9.35;2.1;3.96
1;2008;2008-06-30;59.0;112.0;1.31;120.9;0.0;0.0;5.45;12.7;5.6;-1.5;3.79
1;2008;2008-07-31;97.0;97.0;0.67;119.7;0.0;0.0;6.56;15.8;9.35;2.9;4.25
1;2008;2008-08-31;56.0;85.0;-1.57;167.0;2.0;2.0;5.74;16.8;8.55;0.3;5.14
1;2008;2008-09-30;404.0;77.0;-1.23;205.0;20.0;34.0;6.18;18.8;10.8;2.8;5.14
1;2008;2008-10-31;399.0;69.0;-1.91;241.1;35.0;72.5;8.59;21.5;14.5;7.5;5.47
1;2008;2008-11-30;1107.0;63.0;-1.27;293.8;33.5;122.0;12.59;27.2;19.35;11.5;5.34
1;2008;2008-12-31;1096.0;58.0;-0.35;292.7;63.0;193.0;12.83;25.8;18.9;12.0;4.23
1;2008;2009-01-31;706.0;54.0;-0.98;303.8;43.5;180.5;14.72;26.3;18.9;11.5;3.9
1;2008;2009-02-28;574.0;50.0;-1.39;271.6;24.5;75.0;14.94;26.4;19.15;11.9;4.24
1;2008;2009-03-31;548.0;47.0;-2.42;259.1;53.5;122.5;14.47;26.1;18.45;10.8;3.97
1;2008;2009-04-30;99.0;44.0;-3.37;198.3;9.5;14.0;12.34;24.8;16.6;8.4;3.97
1;2008;2009-05-31;171.0;42.0;-3.34;136.6;10.0;20.5;8.23;17.9;11.1;4.3;4.08
1;2009;2009-06-30;2.0;40.0;-3.57;127.5;0.0;0.0;5.85;14.8;7.15;-0.5;4.15
1;2009;2009-07-31;139.0;38.0;-3.41;130.4;16.5;16.5;4.89;13.6;5.55;-2.5;4.24
1;2009;2009-08-31;7.0;36.0;-3.7;173.7;0.0;0.0;6.55;19.5;11.15;2.8;5.16
1;2009;2009-09-30;383.0;35.0;-3.13;204.5;15.0;40.0;5.5;16.8;9.25;1.7;5.37
1;2009;2009-10-31;127.0;33.0;-4.46;279.8;6.0;6.0;9.23;23.6;15.45;7.3;5.81
1;2009;2009-11-30;455.0;32.0;-5.0;279.1;48.0;164.5;11.86;25.8;18.55;11.3;5.02
1;2009;2009-12-31;1204.0;30.0;-3.62;248.7;85.5;218.0;12.03;24.6;18.5;12.4;4.88
1;2009;2010-01-31;468.0;29.0;-4.76;327.2;25.0;86.0;15.05;28.4;21.15;13.9;4.52
1;2009;2010-02-28;993.0;28.0;-3.56;225.0;27.5;151.0;14.39;25.5;19.75;14.0;4.34
1;2009;2010-03-31;1004.0;27.0;-3.02;219.4;77.0;271.0;14.17;25.0;18.25;11.5;4.07
1;2009;2010-04-30;293.0;27.0;-3.14;184.8;31.0;109.5;9.18;19.4;12.25;5.1;3.78
1;2009;2010-05-31;316.0;26.0;-2.59;135.8;9.0;14.0;7.41;15.4;8.9;2.4;4.16
1;2010;2010-06-30;23.0;25.0;-2.78;121.1;4.0;6.0;6.11;14.0;7.35;0.7;4.11
1;2010;2010-07-31;12.0;24.0;-3.11;136.1;7.0;7.0;4.72;12.5;5.15;-2.2;4.39
1;2010;2010-08-31;69.0;23.0;-3.11;161.5;6.0;6.0;4.96;15.4;7.95;0.5;4.81
1;2010;2010-09-30;633.0;22.0;-1.91;176.6;25.5;70.0;6.39;18.2;11.1;4.0;5.51
1;2010;2010-10-31;638.0;22.0;-1.89;246.0;51.0;122.5;8.2;20.5;13.45;6.4;5.36
1;2010;2010-11-30;738.0;21.0;-1.94;275.7;35.0;137.5;10.3;24.8;17.0;9.2;4.8
1;2010;2010-12-31;463.0;21.0;-3.05;303.3;34.5;126.2;12.43;27.7;20.05;12.4;4.85
1;2010;2011-01-31;1081.0;20.0;-2.62;314.6;72.5;239.0;14.24;28.3;20.9;13.5;4.17
1;2010;2011-02-28;915.0;20.0;-1.87;245.4;56.0;180.0;13.04;24.8;18.6;12.4;4.0
1;2010;2011-03-31;651.0;19.0;-2.44;252.1;28.0;93.5;12.46;23.7;16.3;8.9;4.13
1;2010;2011-04-30;328.0;19.0;-2.66;194.2;14.5;27.0;10.56;21.4;14.25;7.1;4.16
1;2010;2011-05-31;46.0;18.0;-3.05;135.8;0.0;0.0;7.64;16.6;10.3;4.0;4.0
1;2011;2011-06-30;101.0;18.0;-2.87;114.2;24.5;31.5;5.77;13.1;7.1;1.1;3.83
1;2011;2011-07-31;30.0;18.0;-3.19;127.3;9.5;9.5;5.06;13.9;6.8;-0.3;4.25
1;2011;2011-08-31;23.0;17.0;-3.36;169.2;0.0;0.0;4.88;15.4;8.05;0.7;4.96
1;2011;2011-09-30;98.0;17.0;-3.87;216.9;8.5;8.5;6.89;21.7;13.45;5.2;5.69
1;2011;2011-10-31;972.0;17.0;-2.79;228.3;25.0;102.5;8.29;20.2;13.5;6.8;5.1
1;2011;2011-11-30;867.0;16.0;-2.65;290.3;30.0;66.5;11.68;26.3;18.9;11.5;5.61
1;2011;2011-12-31;441.0;16.0;-3.79;317.0;24.0;93.5;12.58;28.2;20.4;12.6;4.6
1;2011;2012-01-31;598.0;16.0;-4.68;313.5;41.0;88.5;15.67;30.1;22.25;14.4;4.75
1;2011;2012-02-29;1171.0;15.0;-3.07;234.7;95.0;310.5;15.42;26.9;20.25;13.6;4.1
1;2011;2012-03-31;411.0;15.0;-4.28;244.2;20.5;62.0;13.36;25.0;18.05;11.1;4.7
1;2011;2012-04-30;405.0;15.0;-3.95;149.2;16.5;46.5;10.4;20.8;14.35;7.9;3.67
1;2011;2012-05-31;158.0;15.0;-3.94;128.9;21.0;21.0;8.81;18.3;12.2;6.1;4.4
1;2012;2012-06-30;1.0;14.0;-4.09;123.7;0.0;0.0;6.03;14.4;7.45;0.5;4.06
1;2012;2012-07-31;18.0;14.0;-4.27;134.5;0.0;0.0;4.6;13.0;5.35;-2.3;4.15
1;2012;2012-08-31;322.0;14.0;-3.26;140.7;10.0;13.5;5.82;15.8;9.05;2.3;5.17
1;2012;2012-09-30;653.0;14.0;-1.99;183.8;35.0;101.0;7.24;19.2;12.2;5.2;5.19
1;2012;2012-10-31;1362.0;94.0;3.11;224.3;44.0;124.0;9.01;19.9;13.8;7.7;5.77
1;2012;2012-11-30;989.0;80.0;3.58;245.1;40.5;115.5;11.78;25.4;18.15;10.9;5.09
1;2012;2012-12-31;545.0;71.0;2.2;277.3;46.5;115.5;13.39;27.4;20.1;12.8;5.49
1;2012;2013-01-31;738.0;63.0;1.28;310.1;91.0;207.5;15.23;28.2;20.6;13.0;4.43
1;2012;2013-02-28;565.0;57.0;-0.25;255.9;17.5;69.5;14.67;26.6;19.5;12.4;4.35
1;2012;2013-03-31;871.0;52.0;-0.23;227.2;40.0;158.0;12.17;22.1;15.25;8.4;4.09
1;2012;2013-04-30;340.0;48.0;-2.06;203.8;48.0;149.0;10.48;21.6;14.3;7.0;4.33
1;2012;2013-05-31;217.0;45.0;-1.98;146.1;9.0;25.0;7.78;16.8;9.75;2.7;3.93
1;2013;2013-06-30;15.0;42.0;-2.29;121.6;0.0;0.0;6.48;15.5;8.25;1.0;3.94
1;2013;2013-07-31;13.0;39.0;-2.7;128.0;0.0;0.0;5.52;13.7;6.6;-0.5;4.53
1;2013;2013-08-31;13.0;37.0;-2.98;175.6;8.2;8.2;4.89;16.2;7.75;-0.7;5.03
1;2013;2013-09-30;47.0;35.0;-3.47;207.1;6.5;6.5;6.14;17.9;10.05;2.2;5.67
1;2013;2013-10-31;1420.0;34.0;-1.7;248.8;35.0;65.5;8.93;23.1;15.6;8.1;5.69
1;2013;2013-11-30;763.0;32.0;-1.76;279.4;41.5;135.0;11.16;24.7;17.45;10.2;5.8
1;2013;2013-12-31;795.0;31.0;-2.12;292.4;19.5;79.5;14.65;29.5;22.2;14.9;4.51
1;2013;2014-01-31;684.0;29.0;-2.92;327.2;60.0;131.5;15.46;29.2;21.55;13.9;4.66
1;2013;2014-02-28;1120.0;382.0;2.21;195.0;142.0;443.0;13.44;23.3;17.7;12.1;3.91
1;2013;2014-03-31;945.0;267.0;2.54;229.2;74.0;240.5;11.65;21.3;14.45;7.6;4.03
1;2013;2014-04-30;764.0;244.0;3.26;148.8;40.0;132.5;9.94;18.8;12.85;6.9;3.99
1;2013;2014-05-31;254.0;176.0;2.93;107.8;6.0;11.0;8.11;15.6;10.15;4.7;3.94
1;2014;2014-06-30;76.0;139.0;2.3;117.3;19.0;19.0;6.19;14.1;7.45;0.8;4.45
1;2014;2014-07-31;50.0;116.0;1.48;127.2;0.0;0.0;5.8;14.9;7.7;0.5;4.59
1;2014;2014-08-31;30.0;100.0;0.46;169.6;0.0;0.0;6.41;18.7;10.4;2.1;5.52
1;2014;2014-09-30;365.0;88.0;0.43;182.6;17.5;63.0;7.27;20.0;12.6;5.2;5.38
1;2014;2014-10-31;714.0;78.0;-0.6;247.5;31.5;50.0;10.58;23.6;16.65;9.7;6.01
1;2014;2014-11-30;632.0;71.0;-1.62;273.7;34.0;107.6;10.64;24.5;16.95;9.4;5.43
1;2014;2014-12-31;959.0;64.0;-1.44;275.0;39.5;173.5;11.69;26.8;19.2;11.6;4.89
1;2014;2015-01-31;927.0;59.0;-1.43;295.0;52.5;211.5;14.25;27.4;20.35;13.3;4.56
1;2014;2015-02-28;1115.0;428.0;2.3;187.0;40.5;287.0;14.22;24.3;18.35;12.4;3.97
1;2014;2015-03-31;800.0;243.0;1.99;213.9;40.5;140.0;13.89;23.8;17.55;11.3;4.05
1;2014;2015-04-30;504.0;177.0;1.71;165.5;26.5;112.5;11.74;23.2;16.15;9.1;4.04
1;2014;2015-05-31;104.0;141.0;1.01;118.3;7.0;7.0;8.82;17.7;11.8;5.9;4.19
1;2015;2015-06-30;82.0;117.0;0.33;116.1;0.0;0.0;6.69;15.4;8.65;1.9;4.03
1;2015;2015-07-31;228.0;101.0;0.36;128.8;9.0;18.0;5.76;15.1;7.55;0.0;4.45
1;2015;2015-08-31;279.0;88.0;0.79;144.8;20.0;25.0;6.76;16.9;10.4;3.9;4.91
1;2015;2015-09-30;300.0;79.0;0.56;179.2;8.0;23.5;6.6;18.3;10.85;3.4;4.73
1;2015;2015-10-31;674.0;71.0;0.84;192.9;40.0;69.5;7.95;17.7;11.45;5.2;5.46
1;2015;2015-11-30;1161.0;65.0;1.81;237.4;34.5;200.0;9.22;22.1;15.4;8.7;5.07
1;2015;2015-12-31;808.0;60.0;1.3;283.8;48.0;138.0;12.75;27.0;19.75;12.5;4.75
1;2015;2016-01-31;1047.0;56.0;1.53;264.7;30.0;181.0;15.44;27.5;20.45;13.4;4.43
1;2015;2016-02-29;1133.0;52.0;2.44;233.5;40.0;257.5;17.05;27.6;20.6;13.6;4.37
1;2015;2016-03-31;521.0;48.0;1.35;224.3;109.0;221.0;12.65;22.5;15.8;9.1;4.24
1;2015;2016-04-30;701.0;69.0;2.16;130.4;28.5;145.0;10.17;18.4;11.6;4.8;3.97
1;2015;2016-05-31;430.0;63.0;2.81;89.0;15.0;57.5;7.8;15.2;8.7;2.2;3.79
1;2016;2016-06-30;465.0;220.0;4.47;103.3;32.0;65.0;5.39;11.2;5.05;-1.1;3.78
1;2016;2016-07-31;86.0;163.0;4.11;120.0;0.0;0.0;5.87;12.7;6.0;-0.7;4.14
1;2016;2016-08-31;54.0;131.0;3.17;171.2;0.0;0.0;5.7;17.3;9.95;2.6;4.78
1;2016;2016-09-30;141.0;110.0;2.17;208.0;0.0;0.0;5.75;19.2;11.75;4.3;5.2
1;2016;2016-10-31;1032.0;95.0;2.81;219.1;21.5;79.0;8.94;20.0;13.1;6.2;5.77
1;2016;2016-11-30;662.0;84.0;2.01;294.2;24.0;88.0;9.78;23.7;16.55;9.4;5.16
1;2016;2016-12-31;614.0;76.0;0.2;314.0;36.5;115.5;11.36;27.1;20.1;13.1;5.44
1;2016;2017-01-31;749.0;69.0;-2.39;309.2;67.5;149.0;14.18;28.4;21.4;14.4;4.76
1;2016;2017-02-28;902.0;63.0;-1.79;259.1;70.0;161.0;15.38;26.9;19.9;12.9;4.09
1;2016;2017-03-31;1089.0;58.0;-1.29;229.2;34.5;130.5;12.85;23.8;17.15;10.5;4.53
1;2016;2017-04-30;862.0;125.0;1.85;158.5;18.5;76.0;9.84;19.5;12.7;5.9;4.22
1;2016;2017-05-31;347.0;105.0;2.28;120.7;17.5;23.5;8.05;16.5;10.0;3.5;4.33
1;2017;2017-06-30;255.0;91.0;2.42;110.9;29.5;29.5;6.32;13.6;7.5;1.4;4.35
1;2017;2017-07-31;200.0;81.0;2.13;118.0;10.5;16.0;6.35;14.5;7.85;1.2;4.64
1;2017;2017-08-31;98.0;72.0;1.62;165.4;0.0;0.0;5.88;17.2;9.85;2.5;5.22
1;2017;2017-09-30;384.0;66.0;1.65;180.5;14.0;26.5;6.58;18.1;10.65;3.2;5.38
1;2017;2017-10-31;457.0;60.0;0.43;259.0;16.5;38.5;7.12;20.9;14.05;7.2;5.82
1;2017;2017-11-30;663.0;56.0;-1.51;300.9;35.0;99.5;8.99;24.7;17.55;10.4;5.17
1;2017;2017-12-31;937.0;52.0;-1.55;301.3;47.0;147.0;12.34;27.3;20.3;13.3;4.89
1;2017;2018-01-31;772.0;35.0;-1.63;295.8;52.0;233.5;15.8;27.4;19.9;12.4;3.85
1;2017;2018-02-28;415.0;33.0;-2.43;279.0;45.0;141.0;14.98;27.6;19.75;11.9;3.66
1;2017;2018-03-31;278.0;32.0;-4.02;274.5;16.5;42.5;12.96;25.2;16.7;8.2;4.07
1;2017;2018-04-30;415.0;31.0;-3.74;150.0;51.5;79.5;11.58;22.4;16.2;10.0;3.84
1;2017;2018-05-31;640.0;162.0;-1.67;108.4;18.0;63.5;9.33;16.4;10.95;5.5;3.88
1;2018;2018-06-30;71.0;130.0;-1.14;125.5;9.0;9.0;6.27;12.7;5.4;-1.9;3.86
1;2018;2018-07-31;124.0;110.0;-1.1;117.4;0.0;0.0;6.4;10.9;4.8;-1.3;3.95
1;2018;2018-08-31;40.0;95.0;-1.43;173.8;0.0;0.0;5.84;16.1;7.75;-0.6;5.14
1;2018;2018-09-30;272.0;84.0;-1.53;187.0;12.5;31.0;7.01;21.6;13.9;6.2;4.7
1;2018;2018-10-31;578.0;76.0;-1.48;212.4;36.0;121.5;10.05;20.3;13.9;7.5;5.07
1;2018;2018-11-30;1145.0;68.0;1.29;258.1;94.0;190.0;12.26;24.4;17.45;10.5;5.38
1;2018;2018-12-31;592.0;62.0;-0.86;308.6;16.139;58.995000000000005;13.82;26.8;19.45;12.1;4.77
1;2018;2019-01-31;934.0;57.0;-0.1;277.2;30.207;157.422;15.5;26.8;19.8;12.8;4.41
1;2018;2019-02-28;530.0;54.0;-1.13;271.1;14.734;37.961;14.4;26.1;19.1;12.1;4.14
1;2018;2019-03-31;851.0;50.0;-0.92;196.6;51.574;179.72199999999998;12.28;21.8;15.15;8.5;4.48
1;2018;2019-04-30;483.0;47.0;-0.79;169.4;17.83;48.254;10.17;20.6;13.75;6.9;4.21
1;2018;2019-05-31;181.0;44.0;-0.95;120.1;5.115;18.704;7.81;16.7;10.25;3.8;4.29
1;2019;2019-06-30;75.0;42.0;-1.12;114.9;1.322;3.472;6.06;14.4;8.35;2.3;4.02
1;2019;2019-07-31;32.0;40.0;-1.65;120.8;1.773;4.895;5.1;13.7;7.0;0.3;4.53
1;2019;2019-08-31;19.0;38.0;-2.08;173.9;0.589;1.652;4.24;16.2;8.85;1.5;5.15
1;2019;2019-09-30;85.0;36.0;-2.74;228.0;4.555;5.576;4.79;19.1;11.65;4.2;5.5
1;2019;2019-10-31;209.0;34.0;-3.75;222.7;22.056;46.2;7.46;20.8;13.95;7.1;5.97
1;2019;2019-11-30;626.0;33.0;-3.96;271.1;14.062;96.765;12.12;25.8;18.65;11.5;5.77
1;2019;2019-12-31;467.0;31.0;-5.01;324.7;26.579;98.384;10.65;27.3;20.3;13.3;4.52
